mean_test_score,rank_test_scores,mean_fit_time,params,status,budgets,param_balancing:strategy,param_classifier:__choice__,param_data_preprocessor:__choice__,param_feature_preprocessor:__choice__,param_classifier:extra_trees:bootstrap,param_classifier:extra_trees:criterion,param_classifier:extra_trees:max_depth,param_classifier:extra_trees:max_features,param_classifier:extra_trees:max_leaf_nodes,param_classifier:extra_trees:min_impurity_decrease,param_classifier:extra_trees:min_samples_leaf,param_classifier:extra_trees:min_samples_split,param_classifier:extra_trees:min_weight_fraction_leaf,param_classifier:gradient_boosting:early_stop,param_classifier:gradient_boosting:l2_regularization,param_classifier:gradient_boosting:learning_rate,param_classifier:gradient_boosting:loss,param_classifier:gradient_boosting:max_bins,param_classifier:gradient_boosting:max_depth,param_classifier:gradient_boosting:max_leaf_nodes,param_classifier:gradient_boosting:min_samples_leaf,param_classifier:gradient_boosting:scoring,param_classifier:gradient_boosting:tol,param_classifier:mlp:activation,param_classifier:mlp:alpha,param_classifier:mlp:batch_size,param_classifier:mlp:beta_1,param_classifier:mlp:beta_2,param_classifier:mlp:early_stopping,param_classifier:mlp:epsilon,param_classifier:mlp:hidden_layer_depth,param_classifier:mlp:learning_rate_init,param_classifier:mlp:n_iter_no_change,param_classifier:mlp:num_nodes_per_layer,param_classifier:mlp:shuffle,param_classifier:mlp:solver,param_classifier:mlp:tol,param_classifier:passive_aggressive:C,param_classifier:passive_aggressive:average,param_classifier:passive_aggressive:fit_intercept,param_classifier:passive_aggressive:loss,param_classifier:passive_aggressive:tol,param_classifier:random_forest:bootstrap,param_classifier:random_forest:criterion,param_classifier:random_forest:max_depth,param_classifier:random_forest:max_features,param_classifier:random_forest:max_leaf_nodes,param_classifier:random_forest:min_impurity_decrease,param_classifier:random_forest:min_samples_leaf,param_classifier:random_forest:min_samples_split,param_classifier:random_forest:min_weight_fraction_leaf,param_classifier:sgd:alpha,param_classifier:sgd:average,param_classifier:sgd:fit_intercept,param_classifier:sgd:learning_rate,param_classifier:sgd:loss,param_classifier:sgd:penalty,param_classifier:sgd:tol,param_data_preprocessor:feature_type:numerical_transformer:imputation:strategy,param_data_preprocessor:feature_type:numerical_transformer:rescaling:__choice__,param_classifier:gradient_boosting:n_iter_no_change,param_classifier:gradient_boosting:validation_fraction,param_classifier:mlp:validation_fraction,param_classifier:sgd:epsilon,param_classifier:sgd:eta0,param_classifier:sgd:l1_ratio,param_classifier:sgd:power_t,param_data_preprocessor:feature_type:numerical_transformer:rescaling:quantile_transformer:n_quantiles,param_data_preprocessor:feature_type:numerical_transformer:rescaling:quantile_transformer:output_distribution,param_data_preprocessor:feature_type:numerical_transformer:rescaling:robust_scaler:q_max,param_data_preprocessor:feature_type:numerical_transformer:rescaling:robust_scaler:q_min
0.838,5,134.69817900657654,"{'balancing:strategy': 'weighting', 'classifier:__choice__': 'extra_trees', 'data_preprocessor:__choice__': 'feature_type', 'feature_preprocessor:__choice__': 'no_preprocessing', 'classifier:extra_trees:bootstrap': 'False', 'classifier:extra_trees:criterion': 'entropy', 'classifier:extra_trees:max_depth': 'None', 'classifier:extra_trees:max_features': 0.9565902080710877, 'classifier:extra_trees:max_leaf_nodes': 'None', 'classifier:extra_trees:min_impurity_decrease': 0.0, 'classifier:extra_trees:min_samples_leaf': 4, 'classifier:extra_trees:min_samples_split': 15, 'classifier:extra_trees:min_weight_fraction_leaf': 0.0, 'data_preprocessor:feature_type:numerical_transformer:imputation:strategy': 'most_frequent', 'data_preprocessor:feature_type:numerical_transformer:rescaling:__choice__': 'robust_scaler', 'data_preprocessor:feature_type:numerical_transformer:rescaling:robust_scaler:q_max': 0.7668727846319956, 'data_preprocessor:feature_type:numerical_transformer:rescaling:robust_scaler:q_min': 0.28633349214759163}",Success,6.25,weighting,extra_trees,feature_type,no_preprocessing,False,entropy,None,0.9565902080710877,None,0.0,4.0,15.0,0.0,,,,,,,,,,,,,,,,,,,,,,,,,,,,,,,,,,,,,,,,,,,,,,most_frequent,robust_scaler,,,,,,,,,,0.7668727846319956,0.28633349214759163
0.7735000000000001,21,108.23442196846008,"{'balancing:strategy': 'weighting', 'classifier:__choice__': 'gradient_boosting', 'data_preprocessor:__choice__': 'feature_type', 'feature_preprocessor:__choice__': 'no_preprocessing', 'classifier:gradient_boosting:early_stop': 'train', 'classifier:gradient_boosting:l2_regularization': 8.789671314063565e-10, 'classifier:gradient_boosting:learning_rate': 0.19595673731599184, 'classifier:gradient_boosting:loss': 'auto', 'classifier:gradient_boosting:max_bins': 255, 'classifier:gradient_boosting:max_depth': 'None', 'classifier:gradient_boosting:max_leaf_nodes': 10, 'classifier:gradient_boosting:min_samples_leaf': 2, 'classifier:gradient_boosting:scoring': 'loss', 'classifier:gradient_boosting:tol': 1e-07, 'data_preprocessor:feature_type:numerical_transformer:imputation:strategy': 'median', 'data_preprocessor:feature_type:numerical_transformer:rescaling:__choice__': 'none', 'classifier:gradient_boosting:n_iter_no_change': 13}",Success,6.25,weighting,gradient_boosting,feature_type,no_preprocessing,,,,,,,,,,train,8.789671314063565e-10,0.19595673731599184,auto,255.0,None,10.0,2.0,loss,1e-07,,,,,,,,,,,,,,,,,,,,,,,,,,,,,,,,,,,,median,none,13.0,,,,,,,,,,
0.5485,40,238.2711706161499,"{'balancing:strategy': 'weighting', 'classifier:__choice__': 'sgd', 'data_preprocessor:__choice__': 'feature_type', 'feature_preprocessor:__choice__': 'no_preprocessing', 'classifier:sgd:alpha': 8.445149920482102e-05, 'classifier:sgd:average': 'True', 'classifier:sgd:fit_intercept': 'True', 'classifier:sgd:learning_rate': 'optimal', 'classifier:sgd:loss': 'hinge', 'classifier:sgd:penalty': 'l2', 'classifier:sgd:tol': 0.017561035108251574, 'data_preprocessor:feature_type:numerical_transformer:imputation:strategy': 'mean', 'data_preprocessor:feature_type:numerical_transformer:rescaling:__choice__': 'quantile_transformer', 'data_preprocessor:feature_type:numerical_transformer:rescaling:quantile_transformer:n_quantiles': 1062, 'data_preprocessor:feature_type:numerical_transformer:rescaling:quantile_transformer:output_distribution': 'uniform'}",Success,6.25,weighting,sgd,feature_type,no_preprocessing,,,,,,,,,,,,,,,,,,,,,,,,,,,,,,,,,,,,,,,,,,,,,,,,8.445149920482102e-05,True,True,optimal,hinge,l2,0.017561035108251574,mean,quantile_transformer,,,,,,,,1062.0,uniform,,
0.628,32,243.98638486862183,"{'balancing:strategy': 'weighting', 'classifier:__choice__': 'gradient_boosting', 'data_preprocessor:__choice__': 'feature_type', 'feature_preprocessor:__choice__': 'no_preprocessing', 'classifier:gradient_boosting:early_stop': 'train', 'classifier:gradient_boosting:l2_regularization': 0.01576405041817705, 'classifier:gradient_boosting:learning_rate': 0.018873263812125823, 'classifier:gradient_boosting:loss': 'auto', 'classifier:gradient_boosting:max_bins': 255, 'classifier:gradient_boosting:max_depth': 'None', 'classifier:gradient_boosting:max_leaf_nodes': 3, 'classifier:gradient_boosting:min_samples_leaf': 12, 'classifier:gradient_boosting:scoring': 'loss', 'classifier:gradient_boosting:tol': 1e-07, 'data_preprocessor:feature_type:numerical_transformer:imputation:strategy': 'mean', 'data_preprocessor:feature_type:numerical_transformer:rescaling:__choice__': 'quantile_transformer', 'classifier:gradient_boosting:n_iter_no_change': 11, 'data_preprocessor:feature_type:numerical_transformer:rescaling:quantile_transformer:n_quantiles': 607, 'data_preprocessor:feature_type:numerical_transformer:rescaling:quantile_transformer:output_distribution': 'uniform'}",Success,6.25,weighting,gradient_boosting,feature_type,no_preprocessing,,,,,,,,,,train,0.01576405041817705,0.018873263812125823,auto,255.0,None,3.0,12.0,loss,1e-07,,,,,,,,,,,,,,,,,,,,,,,,,,,,,,,,,,,,mean,quantile_transformer,11.0,,,,,,,607.0,uniform,,
0.7324999999999999,28,184.2119860649109,"{'balancing:strategy': 'weighting', 'classifier:__choice__': 'gradient_boosting', 'data_preprocessor:__choice__': 'feature_type', 'feature_preprocessor:__choice__': 'no_preprocessing', 'classifier:gradient_boosting:early_stop': 'off', 'classifier:gradient_boosting:l2_regularization': 1.6566843165242341e-09, 'classifier:gradient_boosting:learning_rate': 0.4967892592916993, 'classifier:gradient_boosting:loss': 'auto', 'classifier:gradient_boosting:max_bins': 255, 'classifier:gradient_boosting:max_depth': 'None', 'classifier:gradient_boosting:max_leaf_nodes': 72, 'classifier:gradient_boosting:min_samples_leaf': 59, 'classifier:gradient_boosting:scoring': 'loss', 'classifier:gradient_boosting:tol': 1e-07, 'data_preprocessor:feature_type:numerical_transformer:imputation:strategy': 'mean', 'data_preprocessor:feature_type:numerical_transformer:rescaling:__choice__': 'normalize'}",Success,6.25,weighting,gradient_boosting,feature_type,no_preprocessing,,,,,,,,,,off,1.6566843165242341e-09,0.4967892592916993,auto,255.0,None,72.0,59.0,loss,1e-07,,,,,,,,,,,,,,,,,,,,,,,,,,,,,,,,,,,,mean,normalize,,,,,,,,,,,
0.548,41,78.54043912887573,"{'balancing:strategy': 'weighting', 'classifier:__choice__': 'mlp', 'data_preprocessor:__choice__': 'feature_type', 'feature_preprocessor:__choice__': 'no_preprocessing', 'classifier:mlp:activation': 'relu', 'classifier:mlp:alpha': 1.4957078222983833e-07, 'classifier:mlp:batch_size': 'auto', 'classifier:mlp:beta_1': 0.9, 'classifier:mlp:beta_2': 0.999, 'classifier:mlp:early_stopping': 'valid', 'classifier:mlp:epsilon': 1e-08, 'classifier:mlp:hidden_layer_depth': 3, 'classifier:mlp:learning_rate_init': 0.06675512589937538, 'classifier:mlp:n_iter_no_change': 32, 'classifier:mlp:num_nodes_per_layer': 23, 'classifier:mlp:shuffle': 'True', 'classifier:mlp:solver': 'adam', 'classifier:mlp:tol': 0.0001, 'data_preprocessor:feature_type:numerical_transformer:imputation:strategy': 'median', 'data_preprocessor:feature_type:numerical_transformer:rescaling:__choice__': 'standardize', 'classifier:mlp:validation_fraction': 0.1}",Success,6.25,weighting,mlp,feature_type,no_preprocessing,,,,,,,,,,,,,,,,,,,,relu,1.4957078222983833e-07,auto,0.9,0.999,valid,1e-08,3.0,0.06675512589937538,32.0,23.0,True,adam,0.0001,,,,,,,,,,,,,,,,,,,,,,median,standardize,,,0.1,,,,,,,,
0.8354999999999999,7,144.0890829563141,"{'balancing:strategy': 'weighting', 'classifier:__choice__': 'extra_trees', 'data_preprocessor:__choice__': 'feature_type', 'feature_preprocessor:__choice__': 'no_preprocessing', 'classifier:extra_trees:bootstrap': 'False', 'classifier:extra_trees:criterion': 'entropy', 'classifier:extra_trees:max_depth': 'None', 'classifier:extra_trees:max_features': 0.9589411099523568, 'classifier:extra_trees:max_leaf_nodes': 'None', 'classifier:extra_trees:min_impurity_decrease': 0.0, 'classifier:extra_trees:min_samples_leaf': 1, 'classifier:extra_trees:min_samples_split': 5, 'classifier:extra_trees:min_weight_fraction_leaf': 0.0, 'data_preprocessor:feature_type:numerical_transformer:imputation:strategy': 'mean', 'data_preprocessor:feature_type:numerical_transformer:rescaling:__choice__': 'minmax'}",Success,6.25,weighting,extra_trees,feature_type,no_preprocessing,False,entropy,None,0.9589411099523568,None,0.0,1.0,5.0,0.0,,,,,,,,,,,,,,,,,,,,,,,,,,,,,,,,,,,,,,,,,,,,,,mean,minmax,,,,,,,,,,,
0.535,48,43.73761773109436,"{'balancing:strategy': 'weighting', 'classifier:__choice__': 'sgd', 'data_preprocessor:__choice__': 'feature_type', 'feature_preprocessor:__choice__': 'no_preprocessing', 'classifier:sgd:alpha': 3.7007715928095603e-06, 'classifier:sgd:average': 'False', 'classifier:sgd:fit_intercept': 'True', 'classifier:sgd:learning_rate': 'constant', 'classifier:sgd:loss': 'perceptron', 'classifier:sgd:penalty': 'elasticnet', 'classifier:sgd:tol': 0.04024454652952893, 'data_preprocessor:feature_type:numerical_transformer:imputation:strategy': 'mean', 'data_preprocessor:feature_type:numerical_transformer:rescaling:__choice__': 'standardize', 'classifier:sgd:eta0': 2.0514805804594057e-06, 'classifier:sgd:l1_ratio': 7.163773086996508e-09}",Success (but do not advance to higher budget),6.25,weighting,sgd,feature_type,no_preprocessing,,,,,,,,,,,,,,,,,,,,,,,,,,,,,,,,,,,,,,,,,,,,,,,,3.7007715928095603e-06,False,True,constant,perceptron,elasticnet,0.04024454652952893,mean,standardize,,,,,2.0514805804594057e-06,7.163773086996508e-09,,,,,
0.7495,24,624.112541437149,"{'balancing:strategy': 'none', 'classifier:__choice__': 'gradient_boosting', 'data_preprocessor:__choice__': 'feature_type', 'feature_preprocessor:__choice__': 'no_preprocessing', 'classifier:gradient_boosting:early_stop': 'train', 'classifier:gradient_boosting:l2_regularization': 0.0001621316912965735, 'classifier:gradient_boosting:learning_rate': 0.7962804610609661, 'classifier:gradient_boosting:loss': 'auto', 'classifier:gradient_boosting:max_bins': 255, 'classifier:gradient_boosting:max_depth': 'None', 'classifier:gradient_boosting:max_leaf_nodes': 183, 'classifier:gradient_boosting:min_samples_leaf': 21, 'classifier:gradient_boosting:scoring': 'loss', 'classifier:gradient_boosting:tol': 1e-07, 'data_preprocessor:feature_type:numerical_transformer:imputation:strategy': 'median', 'data_preprocessor:feature_type:numerical_transformer:rescaling:__choice__': 'quantile_transformer', 'classifier:gradient_boosting:n_iter_no_change': 3, 'data_preprocessor:feature_type:numerical_transformer:rescaling:quantile_transformer:n_quantiles': 82, 'data_preprocessor:feature_type:numerical_transformer:rescaling:quantile_transformer:output_distribution': 'normal'}",Success,6.25,none,gradient_boosting,feature_type,no_preprocessing,,,,,,,,,,train,0.0001621316912965735,0.7962804610609661,auto,255.0,None,183.0,21.0,loss,1e-07,,,,,,,,,,,,,,,,,,,,,,,,,,,,,,,,,,,,median,quantile_transformer,3.0,,,,,,,82.0,normal,,
0.5285,52,64.5291051864624,"{'balancing:strategy': 'weighting', 'classifier:__choice__': 'sgd', 'data_preprocessor:__choice__': 'feature_type', 'feature_preprocessor:__choice__': 'no_preprocessing', 'classifier:sgd:alpha': 2.781693052845358e-05, 'classifier:sgd:average': 'False', 'classifier:sgd:fit_intercept': 'True', 'classifier:sgd:learning_rate': 'constant', 'classifier:sgd:loss': 'modified_huber', 'classifier:sgd:penalty': 'elasticnet', 'classifier:sgd:tol': 3.467206367066193e-05, 'data_preprocessor:feature_type:numerical_transformer:imputation:strategy': 'most_frequent', 'data_preprocessor:feature_type:numerical_transformer:rescaling:__choice__': 'robust_scaler', 'classifier:sgd:epsilon': 0.009309372110873482, 'classifier:sgd:eta0': 9.309855728417528e-05, 'classifier:sgd:l1_ratio': 0.6620356750678396, 'data_preprocessor:feature_type:numerical_transformer:rescaling:robust_scaler:q_max': 0.9824430499521853, 'data_preprocessor:feature_type:numerical_transformer:rescaling:robust_scaler:q_min': 0.16224922647075932}",Success (but do not advance to higher budget),6.25,weighting,sgd,feature_type,no_preprocessing,,,,,,,,,,,,,,,,,,,,,,,,,,,,,,,,,,,,,,,,,,,,,,,,2.781693052845358e-05,False,True,constant,modified_huber,elasticnet,3.467206367066193e-05,most_frequent,robust_scaler,,,,0.009309372110873482,9.309855728417528e-05,0.6620356750678396,,,,0.9824430499521853,0.16224922647075932
0.6449999999999999,30,84.23153710365295,"{'balancing:strategy': 'weighting', 'classifier:__choice__': 'gradient_boosting', 'data_preprocessor:__choice__': 'feature_type', 'feature_preprocessor:__choice__': 'no_preprocessing', 'classifier:gradient_boosting:early_stop': 'off', 'classifier:gradient_boosting:l2_regularization': 0.008092998885131791, 'classifier:gradient_boosting:learning_rate': 0.013391089474609338, 'classifier:gradient_boosting:loss': 'auto', 'classifier:gradient_boosting:max_bins': 255, 'classifier:gradient_boosting:max_depth': 'None', 'classifier:gradient_boosting:max_leaf_nodes': 3, 'classifier:gradient_boosting:min_samples_leaf': 138, 'classifier:gradient_boosting:scoring': 'loss', 'classifier:gradient_boosting:tol': 1e-07, 'data_preprocessor:feature_type:numerical_transformer:imputation:strategy': 'mean', 'data_preprocessor:feature_type:numerical_transformer:rescaling:__choice__': 'robust_scaler', 'data_preprocessor:feature_type:numerical_transformer:rescaling:robust_scaler:q_max': 0.7972710156738574, 'data_preprocessor:feature_type:numerical_transformer:rescaling:robust_scaler:q_min': 0.2243563424345074}",Success,6.25,weighting,gradient_boosting,feature_type,no_preprocessing,,,,,,,,,,off,0.008092998885131791,0.013391089474609338,auto,255.0,None,3.0,138.0,loss,1e-07,,,,,,,,,,,,,,,,,,,,,,,,,,,,,,,,,,,,mean,robust_scaler,,,,,,,,,,0.7972710156738574,0.2243563424345074
0.7949999999999999,14,469.0543587207794,"{'balancing:strategy': 'weighting', 'classifier:__choice__': 'gradient_boosting', 'data_preprocessor:__choice__': 'feature_type', 'feature_preprocessor:__choice__': 'no_preprocessing', 'classifier:gradient_boosting:early_stop': 'valid', 'classifier:gradient_boosting:l2_regularization': 7.351153898550631e-07, 'classifier:gradient_boosting:learning_rate': 0.07043555880113304, 'classifier:gradient_boosting:loss': 'auto', 'classifier:gradient_boosting:max_bins': 255, 'classifier:gradient_boosting:max_depth': 'None', 'classifier:gradient_boosting:max_leaf_nodes': 698, 'classifier:gradient_boosting:min_samples_leaf': 7, 'classifier:gradient_boosting:scoring': 'loss', 'classifier:gradient_boosting:tol': 1e-07, 'data_preprocessor:feature_type:numerical_transformer:imputation:strategy': 'median', 'data_preprocessor:feature_type:numerical_transformer:rescaling:__choice__': 'normalize', 'classifier:gradient_boosting:n_iter_no_change': 1, 'classifier:gradient_boosting:validation_fraction': 0.16202792486532844}",Success,6.25,weighting,gradient_boosting,feature_type,no_preprocessing,,,,,,,,,,valid,7.351153898550631e-07,0.07043555880113304,auto,255.0,None,698.0,7.0,loss,1e-07,,,,,,,,,,,,,,,,,,,,,,,,,,,,,,,,,,,,median,normalize,1.0,0.16202792486532844,,,,,,,,,
0.7775,19,148.25911378860474,"{'balancing:strategy': 'weighting', 'classifier:__choice__': 'gradient_boosting', 'data_preprocessor:__choice__': 'feature_type', 'feature_preprocessor:__choice__': 'no_preprocessing', 'classifier:gradient_boosting:early_stop': 'valid', 'classifier:gradient_boosting:l2_regularization': 3.838928592802082e-10, 'classifier:gradient_boosting:learning_rate': 0.013164566598090614, 'classifier:gradient_boosting:loss': 'auto', 'classifier:gradient_boosting:max_bins': 255, 'classifier:gradient_boosting:max_depth': 'None', 'classifier:gradient_boosting:max_leaf_nodes': 14, 'classifier:gradient_boosting:min_samples_leaf': 7, 'classifier:gradient_boosting:scoring': 'loss', 'classifier:gradient_boosting:tol': 1e-07, 'data_preprocessor:feature_type:numerical_transformer:imputation:strategy': 'most_frequent', 'data_preprocessor:feature_type:numerical_transformer:rescaling:__choice__': 'robust_scaler', 'classifier:gradient_boosting:n_iter_no_change': 5, 'classifier:gradient_boosting:validation_fraction': 0.10823188437286345, 'data_preprocessor:feature_type:numerical_transformer:rescaling:robust_scaler:q_max': 0.738817088312464, 'data_preprocessor:feature_type:numerical_transformer:rescaling:robust_scaler:q_min': 0.2395023772591513}",Success,6.25,weighting,gradient_boosting,feature_type,no_preprocessing,,,,,,,,,,valid,3.838928592802082e-10,0.013164566598090614,auto,255.0,None,14.0,7.0,loss,1e-07,,,,,,,,,,,,,,,,,,,,,,,,,,,,,,,,,,,,most_frequent,robust_scaler,5.0,0.10823188437286345,,,,,,,,0.738817088312464,0.2395023772591513
0.8365,6,288.263920545578,"{'balancing:strategy': 'none', 'classifier:__choice__': 'random_forest', 'data_preprocessor:__choice__': 'feature_type', 'feature_preprocessor:__choice__': 'no_preprocessing', 'classifier:random_forest:bootstrap': 'False', 'classifier:random_forest:criterion': 'gini', 'classifier:random_forest:max_depth': 'None', 'classifier:random_forest:max_features': 0.8727662516250878, 'classifier:random_forest:max_leaf_nodes': 'None', 'classifier:random_forest:min_impurity_decrease': 0.0, 'classifier:random_forest:min_samples_leaf': 11, 'classifier:random_forest:min_samples_split': 15, 'classifier:random_forest:min_weight_fraction_leaf': 0.0, 'data_preprocessor:feature_type:numerical_transformer:imputation:strategy': 'median', 'data_preprocessor:feature_type:numerical_transformer:rescaling:__choice__': 'robust_scaler', 'data_preprocessor:feature_type:numerical_transformer:rescaling:robust_scaler:q_max': 0.7300216362356305, 'data_preprocessor:feature_type:numerical_transformer:rescaling:robust_scaler:q_min': 0.23992030699419034}",Success,6.25,none,random_forest,feature_type,no_preprocessing,,,,,,,,,,,,,,,,,,,,,,,,,,,,,,,,,,,,,,,False,gini,None,0.8727662516250878,None,0.0,11.0,15.0,0.0,,,,,,,,median,robust_scaler,,,,,,,,,,0.7300216362356305,0.23992030699419034
0.539,44,663.24951171875,"{'balancing:strategy': 'none', 'classifier:__choice__': 'mlp', 'data_preprocessor:__choice__': 'feature_type', 'feature_preprocessor:__choice__': 'no_preprocessing', 'classifier:mlp:activation': 'relu', 'classifier:mlp:alpha': 0.052810517511364376, 'classifier:mlp:batch_size': 'auto', 'classifier:mlp:beta_1': 0.9, 'classifier:mlp:beta_2': 0.999, 'classifier:mlp:early_stopping': 'valid', 'classifier:mlp:epsilon': 1e-08, 'classifier:mlp:hidden_layer_depth': 1, 'classifier:mlp:learning_rate_init': 0.04630182891381236, 'classifier:mlp:n_iter_no_change': 32, 'classifier:mlp:num_nodes_per_layer': 182, 'classifier:mlp:shuffle': 'True', 'classifier:mlp:solver': 'adam', 'classifier:mlp:tol': 0.0001, 'data_preprocessor:feature_type:numerical_transformer:imputation:strategy': 'mean', 'data_preprocessor:feature_type:numerical_transformer:rescaling:__choice__': 'quantile_transformer', 'classifier:mlp:validation_fraction': 0.1, 'data_preprocessor:feature_type:numerical_transformer:rescaling:quantile_transformer:n_quantiles': 1822, 'data_preprocessor:feature_type:numerical_transformer:rescaling:quantile_transformer:output_distribution': 'normal'}",Success,6.25,none,mlp,feature_type,no_preprocessing,,,,,,,,,,,,,,,,,,,,relu,0.052810517511364376,auto,0.9,0.999,valid,1e-08,1.0,0.04630182891381236,32.0,182.0,True,adam,0.0001,,,,,,,,,,,,,,,,,,,,,,mean,quantile_transformer,,,0.1,,,,,1822.0,normal,,
0.507,55,56.44747281074524,"{'balancing:strategy': 'weighting', 'classifier:__choice__': 'extra_trees', 'data_preprocessor:__choice__': 'feature_type', 'feature_preprocessor:__choice__': 'no_preprocessing', 'classifier:extra_trees:bootstrap': 'False', 'classifier:extra_trees:criterion': 'entropy', 'classifier:extra_trees:max_depth': 'None', 'classifier:extra_trees:max_features': 0.010580758034880011, 'classifier:extra_trees:max_leaf_nodes': 'None', 'classifier:extra_trees:min_impurity_decrease': 0.0, 'classifier:extra_trees:min_samples_leaf': 6, 'classifier:extra_trees:min_samples_split': 14, 'classifier:extra_trees:min_weight_fraction_leaf': 0.0, 'data_preprocessor:feature_type:numerical_transformer:imputation:strategy': 'median', 'data_preprocessor:feature_type:numerical_transformer:rescaling:__choice__': 'robust_scaler', 'data_preprocessor:feature_type:numerical_transformer:rescaling:robust_scaler:q_max': 0.7478194148240691, 'data_preprocessor:feature_type:numerical_transformer:rescaling:robust_scaler:q_min': 0.09486350397967545}",Success,6.25,weighting,extra_trees,feature_type,no_preprocessing,False,entropy,None,0.010580758034880011,None,0.0,6.0,14.0,0.0,,,,,,,,,,,,,,,,,,,,,,,,,,,,,,,,,,,,,,,,,,,,,,median,robust_scaler,,,,,,,,,,0.7478194148240691,0.09486350397967545
0.685,29,99.5931327342987,"{'balancing:strategy': 'weighting', 'classifier:__choice__': 'gradient_boosting', 'data_preprocessor:__choice__': 'feature_type', 'feature_preprocessor:__choice__': 'no_preprocessing', 'classifier:gradient_boosting:early_stop': 'train', 'classifier:gradient_boosting:l2_regularization': 7.127844584323953e-07, 'classifier:gradient_boosting:learning_rate': 0.7615407561275519, 'classifier:gradient_boosting:loss': 'auto', 'classifier:gradient_boosting:max_bins': 255, 'classifier:gradient_boosting:max_depth': 'None', 'classifier:gradient_boosting:max_leaf_nodes': 34, 'classifier:gradient_boosting:min_samples_leaf': 136, 'classifier:gradient_boosting:scoring': 'loss', 'classifier:gradient_boosting:tol': 1e-07, 'data_preprocessor:feature_type:numerical_transformer:imputation:strategy': 'most_frequent', 'data_preprocessor:feature_type:numerical_transformer:rescaling:__choice__': 'minmax', 'classifier:gradient_boosting:n_iter_no_change': 11}",Success,6.25,weighting,gradient_boosting,feature_type,no_preprocessing,,,,,,,,,,train,7.127844584323953e-07,0.7615407561275519,auto,255.0,None,34.0,136.0,loss,1e-07,,,,,,,,,,,,,,,,,,,,,,,,,,,,,,,,,,,,most_frequent,minmax,11.0,,,,,,,,,,
0.5385,45,57.03578734397888,"{'balancing:strategy': 'weighting', 'classifier:__choice__': 'extra_trees', 'data_preprocessor:__choice__': 'feature_type', 'feature_preprocessor:__choice__': 'no_preprocessing', 'classifier:extra_trees:bootstrap': 'True', 'classifier:extra_trees:criterion': 'entropy', 'classifier:extra_trees:max_depth': 'None', 'classifier:extra_trees:max_features': 0.2558526811348548, 'classifier:extra_trees:max_leaf_nodes': 'None', 'classifier:extra_trees:min_impurity_decrease': 0.0, 'classifier:extra_trees:min_samples_leaf': 19, 'classifier:extra_trees:min_samples_split': 13, 'classifier:extra_trees:min_weight_fraction_leaf': 0.0, 'data_preprocessor:feature_type:numerical_transformer:imputation:strategy': 'most_frequent', 'data_preprocessor:feature_type:numerical_transformer:rescaling:__choice__': 'standardize'}",Success,6.25,weighting,extra_trees,feature_type,no_preprocessing,True,entropy,None,0.2558526811348548,None,0.0,19.0,13.0,0.0,,,,,,,,,,,,,,,,,,,,,,,,,,,,,,,,,,,,,,,,,,,,,,most_frequent,standardize,,,,,,,,,,,
0.534,50,694.5686020851135,"{'balancing:strategy': 'weighting', 'classifier:__choice__': 'sgd', 'data_preprocessor:__choice__': 'feature_type', 'feature_preprocessor:__choice__': 'no_preprocessing', 'classifier:sgd:alpha': 0.0003013049465842118, 'classifier:sgd:average': 'False', 'classifier:sgd:fit_intercept': 'True', 'classifier:sgd:learning_rate': 'optimal', 'classifier:sgd:loss': 'hinge', 'classifier:sgd:penalty': 'l2', 'classifier:sgd:tol': 1.4130607731928e-05, 'data_preprocessor:feature_type:numerical_transformer:imputation:strategy': 'most_frequent', 'data_preprocessor:feature_type:numerical_transformer:rescaling:__choice__': 'quantile_transformer', 'data_preprocessor:feature_type:numerical_transformer:rescaling:quantile_transformer:n_quantiles': 1528, 'data_preprocessor:feature_type:numerical_transformer:rescaling:quantile_transformer:output_distribution': 'normal'}",Success,6.25,weighting,sgd,feature_type,no_preprocessing,,,,,,,,,,,,,,,,,,,,,,,,,,,,,,,,,,,,,,,,,,,,,,,,0.0003013049465842118,False,True,optimal,hinge,l2,1.4130607731928e-05,most_frequent,quantile_transformer,,,,,,,,1528.0,normal,,
0.822,9,282.22728657722473,"{'balancing:strategy': 'none', 'classifier:__choice__': 'gradient_boosting', 'data_preprocessor:__choice__': 'feature_type', 'feature_preprocessor:__choice__': 'no_preprocessing', 'classifier:gradient_boosting:early_stop': 'train', 'classifier:gradient_boosting:l2_regularization': 0.026267946591530228, 'classifier:gradient_boosting:learning_rate': 0.16732434553541378, 'classifier:gradient_boosting:loss': 'auto', 'classifier:gradient_boosting:max_bins': 255, 'classifier:gradient_boosting:max_depth': 'None', 'classifier:gradient_boosting:max_leaf_nodes': 51, 'classifier:gradient_boosting:min_samples_leaf': 3, 'classifier:gradient_boosting:scoring': 'loss', 'classifier:gradient_boosting:tol': 1e-07, 'data_preprocessor:feature_type:numerical_transformer:imputation:strategy': 'mean', 'data_preprocessor:feature_type:numerical_transformer:rescaling:__choice__': 'none', 'classifier:gradient_boosting:n_iter_no_change': 4}",Success,6.25,none,gradient_boosting,feature_type,no_preprocessing,,,,,,,,,,train,0.026267946591530228,0.16732434553541378,auto,255.0,None,51.0,3.0,loss,1e-07,,,,,,,,,,,,,,,,,,,,,,,,,,,,,,,,,,,,mean,none,4.0,,,,,,,,,,
0.7765,20,650.9750282764435,"{'balancing:strategy': 'weighting', 'classifier:__choice__': 'extra_trees', 'data_preprocessor:__choice__': 'feature_type', 'feature_preprocessor:__choice__': 'no_preprocessing', 'classifier:extra_trees:bootstrap': 'False', 'classifier:extra_trees:criterion': 'entropy', 'classifier:extra_trees:max_depth': 'None', 'classifier:extra_trees:max_features': 0.8547968025148605, 'classifier:extra_trees:max_leaf_nodes': 'None', 'classifier:extra_trees:min_impurity_decrease': 0.0, 'classifier:extra_trees:min_samples_leaf': 1, 'classifier:extra_trees:min_samples_split': 14, 'classifier:extra_trees:min_weight_fraction_leaf': 0.0, 'data_preprocessor:feature_type:numerical_transformer:imputation:strategy': 'most_frequent', 'data_preprocessor:feature_type:numerical_transformer:rescaling:__choice__': 'quantile_transformer', 'data_preprocessor:feature_type:numerical_transformer:rescaling:quantile_transformer:n_quantiles': 999, 'data_preprocessor:feature_type:numerical_transformer:rescaling:quantile_transformer:output_distribution': 'normal'}",Success,6.25,weighting,extra_trees,feature_type,no_preprocessing,False,entropy,None,0.8547968025148605,None,0.0,1.0,14.0,0.0,,,,,,,,,,,,,,,,,,,,,,,,,,,,,,,,,,,,,,,,,,,,,,most_frequent,quantile_transformer,,,,,,,,999.0,normal,,
0.781,17,109.13431167602539,"{'balancing:strategy': 'weighting', 'classifier:__choice__': 'gradient_boosting', 'data_preprocessor:__choice__': 'feature_type', 'feature_preprocessor:__choice__': 'no_preprocessing', 'classifier:gradient_boosting:early_stop': 'valid', 'classifier:gradient_boosting:l2_regularization': 1.0196996434481493e-10, 'classifier:gradient_boosting:learning_rate': 0.08365360491111613, 'classifier:gradient_boosting:loss': 'auto', 'classifier:gradient_boosting:max_bins': 255, 'classifier:gradient_boosting:max_depth': 'None', 'classifier:gradient_boosting:max_leaf_nodes': 10, 'classifier:gradient_boosting:min_samples_leaf': 41, 'classifier:gradient_boosting:scoring': 'loss', 'classifier:gradient_boosting:tol': 1e-07, 'data_preprocessor:feature_type:numerical_transformer:imputation:strategy': 'most_frequent', 'data_preprocessor:feature_type:numerical_transformer:rescaling:__choice__': 'minmax', 'classifier:gradient_boosting:n_iter_no_change': 3, 'classifier:gradient_boosting:validation_fraction': 0.14053446064492747}",Success,6.25,weighting,gradient_boosting,feature_type,no_preprocessing,,,,,,,,,,valid,1.0196996434481493e-10,0.08365360491111613,auto,255.0,None,10.0,41.0,loss,1e-07,,,,,,,,,,,,,,,,,,,,,,,,,,,,,,,,,,,,most_frequent,minmax,3.0,0.14053446064492747,,,,,,,,,
0.733,27,71.64735269546509,"{'balancing:strategy': 'weighting', 'classifier:__choice__': 'extra_trees', 'data_preprocessor:__choice__': 'feature_type', 'feature_preprocessor:__choice__': 'no_preprocessing', 'classifier:extra_trees:bootstrap': 'True', 'classifier:extra_trees:criterion': 'gini', 'classifier:extra_trees:max_depth': 'None', 'classifier:extra_trees:max_features': 0.9043992456323531, 'classifier:extra_trees:max_leaf_nodes': 'None', 'classifier:extra_trees:min_impurity_decrease': 0.0, 'classifier:extra_trees:min_samples_leaf': 19, 'classifier:extra_trees:min_samples_split': 13, 'classifier:extra_trees:min_weight_fraction_leaf': 0.0, 'data_preprocessor:feature_type:numerical_transformer:imputation:strategy': 'mean', 'data_preprocessor:feature_type:numerical_transformer:rescaling:__choice__': 'standardize'}",Success,6.25,weighting,extra_trees,feature_type,no_preprocessing,True,gini,None,0.9043992456323531,None,0.0,19.0,13.0,0.0,,,,,,,,,,,,,,,,,,,,,,,,,,,,,,,,,,,,,,,,,,,,,,mean,standardize,,,,,,,,,,,
0.8484999999999999,1,402.757239818573,"{'balancing:strategy': 'weighting', 'classifier:__choice__': 'extra_trees', 'data_preprocessor:__choice__': 'feature_type', 'feature_preprocessor:__choice__': 'no_preprocessing', 'classifier:extra_trees:bootstrap': 'False', 'classifier:extra_trees:criterion': 'entropy', 'classifier:extra_trees:max_depth': 'None', 'classifier:extra_trees:max_features': 0.9565902080710877, 'classifier:extra_trees:max_leaf_nodes': 'None', 'classifier:extra_trees:min_impurity_decrease': 0.0, 'classifier:extra_trees:min_samples_leaf': 4, 'classifier:extra_trees:min_samples_split': 15, 'classifier:extra_trees:min_weight_fraction_leaf': 0.0, 'data_preprocessor:feature_type:numerical_transformer:imputation:strategy': 'most_frequent', 'data_preprocessor:feature_type:numerical_transformer:rescaling:__choice__': 'robust_scaler', 'data_preprocessor:feature_type:numerical_transformer:rescaling:robust_scaler:q_max': 0.7668727846319956, 'data_preprocessor:feature_type:numerical_transformer:rescaling:robust_scaler:q_min': 0.28633349214759163}",Success,25.0,weighting,extra_trees,feature_type,no_preprocessing,False,entropy,None,0.9565902080710877,None,0.0,4.0,15.0,0.0,,,,,,,,,,,,,,,,,,,,,,,,,,,,,,,,,,,,,,,,,,,,,,most_frequent,robust_scaler,,,,,,,,,,0.7668727846319956,0.28633349214759163
0.551,39,57.18503975868225,"{'balancing:strategy': 'weighting', 'classifier:__choice__': 'sgd', 'data_preprocessor:__choice__': 'feature_type', 'feature_preprocessor:__choice__': 'no_preprocessing', 'classifier:sgd:alpha': 5.531758015253012e-05, 'classifier:sgd:average': 'True', 'classifier:sgd:fit_intercept': 'True', 'classifier:sgd:learning_rate': 'constant', 'classifier:sgd:loss': 'log', 'classifier:sgd:penalty': 'l2', 'classifier:sgd:tol': 0.0005655131678222187, 'data_preprocessor:feature_type:numerical_transformer:imputation:strategy': 'mean', 'data_preprocessor:feature_type:numerical_transformer:rescaling:__choice__': 'standardize', 'classifier:sgd:eta0': 0.00022254320651933049}",Success (but do not advance to higher budget),6.25,weighting,sgd,feature_type,no_preprocessing,,,,,,,,,,,,,,,,,,,,,,,,,,,,,,,,,,,,,,,,,,,,,,,,5.531758015253012e-05,True,True,constant,log,l2,0.0005655131678222187,mean,standardize,,,,,0.00022254320651933049,,,,,,
0.5345,49,50.059837102890015,"{'balancing:strategy': 'weighting', 'classifier:__choice__': 'passive_aggressive', 'data_preprocessor:__choice__': 'feature_type', 'feature_preprocessor:__choice__': 'no_preprocessing', 'classifier:passive_aggressive:C': 0.0015705840539998888, 'classifier:passive_aggressive:average': 'False', 'classifier:passive_aggressive:fit_intercept': 'True', 'classifier:passive_aggressive:loss': 'squared_hinge', 'classifier:passive_aggressive:tol': 0.009455868366528827, 'data_preprocessor:feature_type:numerical_transformer:imputation:strategy': 'most_frequent', 'data_preprocessor:feature_type:numerical_transformer:rescaling:__choice__': 'standardize'}",Success (but do not advance to higher budget),6.25,weighting,passive_aggressive,feature_type,no_preprocessing,,,,,,,,,,,,,,,,,,,,,,,,,,,,,,,,,,0.0015705840539998888,False,True,squared_hinge,0.009455868366528827,,,,,,,,,,,,,,,,,most_frequent,standardize,,,,,,,,,,,
0.737,26,567.6224226951599,"{'balancing:strategy': 'weighting', 'classifier:__choice__': 'gradient_boosting', 'data_preprocessor:__choice__': 'feature_type', 'feature_preprocessor:__choice__': 'no_preprocessing', 'classifier:gradient_boosting:early_stop': 'valid', 'classifier:gradient_boosting:l2_regularization': 3.1230380187387616e-09, 'classifier:gradient_boosting:learning_rate': 0.02352567307613563, 'classifier:gradient_boosting:loss': 'auto', 'classifier:gradient_boosting:max_bins': 255, 'classifier:gradient_boosting:max_depth': 'None', 'classifier:gradient_boosting:max_leaf_nodes': 654, 'classifier:gradient_boosting:min_samples_leaf': 2, 'classifier:gradient_boosting:scoring': 'loss', 'classifier:gradient_boosting:tol': 1e-07, 'data_preprocessor:feature_type:numerical_transformer:imputation:strategy': 'mean', 'data_preprocessor:feature_type:numerical_transformer:rescaling:__choice__': 'minmax', 'classifier:gradient_boosting:n_iter_no_change': 19, 'classifier:gradient_boosting:validation_fraction': 0.29656195578950684}",Success,6.25,weighting,gradient_boosting,feature_type,no_preprocessing,,,,,,,,,,valid,3.1230380187387616e-09,0.02352567307613563,auto,255.0,None,654.0,2.0,loss,1e-07,,,,,,,,,,,,,,,,,,,,,,,,,,,,,,,,,,,,mean,minmax,19.0,0.29656195578950684,,,,,,,,,
0.5,56,227.25364899635315,"{'balancing:strategy': 'weighting', 'classifier:__choice__': 'sgd', 'data_preprocessor:__choice__': 'feature_type', 'feature_preprocessor:__choice__': 'no_preprocessing', 'classifier:sgd:alpha': 0.03522482415097184, 'classifier:sgd:average': 'True', 'classifier:sgd:fit_intercept': 'True', 'classifier:sgd:learning_rate': 'optimal', 'classifier:sgd:loss': 'hinge', 'classifier:sgd:penalty': 'l1', 'classifier:sgd:tol': 0.0001237547963958395, 'data_preprocessor:feature_type:numerical_transformer:imputation:strategy': 'mean', 'data_preprocessor:feature_type:numerical_transformer:rescaling:__choice__': 'quantile_transformer', 'data_preprocessor:feature_type:numerical_transformer:rescaling:quantile_transformer:n_quantiles': 1987, 'data_preprocessor:feature_type:numerical_transformer:rescaling:quantile_transformer:output_distribution': 'uniform'}",Success (but do not advance to higher budget),6.25,weighting,sgd,feature_type,no_preprocessing,,,,,,,,,,,,,,,,,,,,,,,,,,,,,,,,,,,,,,,,,,,,,,,,0.03522482415097184,True,True,optimal,hinge,l1,0.0001237547963958395,mean,quantile_transformer,,,,,,,,1987.0,uniform,,
0.5589999999999999,38,358.5590305328369,"{'balancing:strategy': 'none', 'classifier:__choice__': 'mlp', 'data_preprocessor:__choice__': 'feature_type', 'feature_preprocessor:__choice__': 'no_preprocessing', 'classifier:mlp:activation': 'relu', 'classifier:mlp:alpha': 0.054227157582095134, 'classifier:mlp:batch_size': 'auto', 'classifier:mlp:beta_1': 0.9, 'classifier:mlp:beta_2': 0.999, 'classifier:mlp:early_stopping': 'train', 'classifier:mlp:epsilon': 1e-08, 'classifier:mlp:hidden_layer_depth': 2, 'classifier:mlp:learning_rate_init': 0.0010221405569747356, 'classifier:mlp:n_iter_no_change': 32, 'classifier:mlp:num_nodes_per_layer': 228, 'classifier:mlp:shuffle': 'True', 'classifier:mlp:solver': 'adam', 'classifier:mlp:tol': 0.0001, 'data_preprocessor:feature_type:numerical_transformer:imputation:strategy': 'median', 'data_preprocessor:feature_type:numerical_transformer:rescaling:__choice__': 'power_transformer'}",Success,6.25,none,mlp,feature_type,no_preprocessing,,,,,,,,,,,,,,,,,,,,relu,0.054227157582095134,auto,0.9,0.999,train,1e-08,2.0,0.0010221405569747356,32.0,228.0,True,adam,0.0001,,,,,,,,,,,,,,,,,,,,,,median,power_transformer,,,,,,,,,,,
0.753,23,111.90716433525085,"{'balancing:strategy': 'weighting', 'classifier:__choice__': 'gradient_boosting', 'data_preprocessor:__choice__': 'feature_type', 'feature_preprocessor:__choice__': 'no_preprocessing', 'classifier:gradient_boosting:early_stop': 'train', 'classifier:gradient_boosting:l2_regularization': 2.353570126460532e-08, 'classifier:gradient_boosting:learning_rate': 0.012528315113461369, 'classifier:gradient_boosting:loss': 'auto', 'classifier:gradient_boosting:max_bins': 255, 'classifier:gradient_boosting:max_depth': 'None', 'classifier:gradient_boosting:max_leaf_nodes': 9, 'classifier:gradient_boosting:min_samples_leaf': 1, 'classifier:gradient_boosting:scoring': 'loss', 'classifier:gradient_boosting:tol': 1e-07, 'data_preprocessor:feature_type:numerical_transformer:imputation:strategy': 'median', 'data_preprocessor:feature_type:numerical_transformer:rescaling:__choice__': 'minmax', 'classifier:gradient_boosting:n_iter_no_change': 11}",Success,6.25,weighting,gradient_boosting,feature_type,no_preprocessing,,,,,,,,,,train,2.353570126460532e-08,0.012528315113461369,auto,255.0,None,9.0,1.0,loss,1e-07,,,,,,,,,,,,,,,,,,,,,,,,,,,,,,,,,,,,median,minmax,11.0,,,,,,,,,,
0.8445,2,1427.9550342559814,"{'balancing:strategy': 'weighting', 'classifier:__choice__': 'extra_trees', 'data_preprocessor:__choice__': 'feature_type', 'feature_preprocessor:__choice__': 'no_preprocessing', 'classifier:extra_trees:bootstrap': 'False', 'classifier:extra_trees:criterion': 'entropy', 'classifier:extra_trees:max_depth': 'None', 'classifier:extra_trees:max_features': 0.9565902080710877, 'classifier:extra_trees:max_leaf_nodes': 'None', 'classifier:extra_trees:min_impurity_decrease': 0.0, 'classifier:extra_trees:min_samples_leaf': 4, 'classifier:extra_trees:min_samples_split': 15, 'classifier:extra_trees:min_weight_fraction_leaf': 0.0, 'data_preprocessor:feature_type:numerical_transformer:imputation:strategy': 'most_frequent', 'data_preprocessor:feature_type:numerical_transformer:rescaling:__choice__': 'robust_scaler', 'data_preprocessor:feature_type:numerical_transformer:rescaling:robust_scaler:q_max': 0.7668727846319956, 'data_preprocessor:feature_type:numerical_transformer:rescaling:robust_scaler:q_min': 0.28633349214759163}",Success,100.0,weighting,extra_trees,feature_type,no_preprocessing,False,entropy,None,0.9565902080710877,None,0.0,4.0,15.0,0.0,,,,,,,,,,,,,,,,,,,,,,,,,,,,,,,,,,,,,,,,,,,,,,most_frequent,robust_scaler,,,,,,,,,,0.7668727846319956,0.28633349214759163
0.511,54,684.2367820739746,"{'balancing:strategy': 'weighting', 'classifier:__choice__': 'sgd', 'data_preprocessor:__choice__': 'feature_type', 'feature_preprocessor:__choice__': 'no_preprocessing', 'classifier:sgd:alpha': 0.0003503796227984789, 'classifier:sgd:average': 'False', 'classifier:sgd:fit_intercept': 'True', 'classifier:sgd:learning_rate': 'optimal', 'classifier:sgd:loss': 'squared_hinge', 'classifier:sgd:penalty': 'l2', 'classifier:sgd:tol': 0.030501813434465796, 'data_preprocessor:feature_type:numerical_transformer:imputation:strategy': 'mean', 'data_preprocessor:feature_type:numerical_transformer:rescaling:__choice__': 'quantile_transformer', 'data_preprocessor:feature_type:numerical_transformer:rescaling:quantile_transformer:n_quantiles': 1194, 'data_preprocessor:feature_type:numerical_transformer:rescaling:quantile_transformer:output_distribution': 'normal'}",Success,6.25,weighting,sgd,feature_type,no_preprocessing,,,,,,,,,,,,,,,,,,,,,,,,,,,,,,,,,,,,,,,,,,,,,,,,0.0003503796227984789,False,True,optimal,squared_hinge,l2,0.030501813434465796,mean,quantile_transformer,,,,,,,,1194.0,normal,,
0.5435,43,216.911381483078,"{'balancing:strategy': 'weighting', 'classifier:__choice__': 'mlp', 'data_preprocessor:__choice__': 'feature_type', 'feature_preprocessor:__choice__': 'no_preprocessing', 'classifier:mlp:activation': 'tanh', 'classifier:mlp:alpha': 0.039008613885296826, 'classifier:mlp:batch_size': 'auto', 'classifier:mlp:beta_1': 0.9, 'classifier:mlp:beta_2': 0.999, 'classifier:mlp:early_stopping': 'train', 'classifier:mlp:epsilon': 1e-08, 'classifier:mlp:hidden_layer_depth': 3, 'classifier:mlp:learning_rate_init': 0.0023110285365222803, 'classifier:mlp:n_iter_no_change': 32, 'classifier:mlp:num_nodes_per_layer': 140, 'classifier:mlp:shuffle': 'True', 'classifier:mlp:solver': 'adam', 'classifier:mlp:tol': 0.0001, 'data_preprocessor:feature_type:numerical_transformer:imputation:strategy': 'most_frequent', 'data_preprocessor:feature_type:numerical_transformer:rescaling:__choice__': 'robust_scaler', 'data_preprocessor:feature_type:numerical_transformer:rescaling:robust_scaler:q_max': 0.748076585259295, 'data_preprocessor:feature_type:numerical_transformer:rescaling:robust_scaler:q_min': 0.23337355967199702}",Success,6.25,weighting,mlp,feature_type,no_preprocessing,,,,,,,,,,,,,,,,,,,,tanh,0.039008613885296826,auto,0.9,0.999,train,1e-08,3.0,0.0023110285365222803,32.0,140.0,True,adam,0.0001,,,,,,,,,,,,,,,,,,,,,,most_frequent,robust_scaler,,,,,,,,,,0.748076585259295,0.23337355967199702
0.747,25,89.86457681655884,"{'balancing:strategy': 'weighting', 'classifier:__choice__': 'gradient_boosting', 'data_preprocessor:__choice__': 'feature_type', 'feature_preprocessor:__choice__': 'no_preprocessing', 'classifier:gradient_boosting:early_stop': 'valid', 'classifier:gradient_boosting:l2_regularization': 2.6035334546219686e-08, 'classifier:gradient_boosting:learning_rate': 0.4797992374012314, 'classifier:gradient_boosting:loss': 'auto', 'classifier:gradient_boosting:max_bins': 255, 'classifier:gradient_boosting:max_depth': 'None', 'classifier:gradient_boosting:max_leaf_nodes': 60, 'classifier:gradient_boosting:min_samples_leaf': 3, 'classifier:gradient_boosting:scoring': 'loss', 'classifier:gradient_boosting:tol': 1e-07, 'data_preprocessor:feature_type:numerical_transformer:imputation:strategy': 'median', 'data_preprocessor:feature_type:numerical_transformer:rescaling:__choice__': 'none', 'classifier:gradient_boosting:n_iter_no_change': 1, 'classifier:gradient_boosting:validation_fraction': 0.2938721928434415}",Success (but do not advance to higher budget),6.25,weighting,gradient_boosting,feature_type,no_preprocessing,,,,,,,,,,valid,2.6035334546219686e-08,0.4797992374012314,auto,255.0,None,60.0,3.0,loss,1e-07,,,,,,,,,,,,,,,,,,,,,,,,,,,,,,,,,,,,median,none,1.0,0.2938721928434415,,,,,,,,,
0.638,31,58.42837452888489,"{'balancing:strategy': 'none', 'classifier:__choice__': 'random_forest', 'data_preprocessor:__choice__': 'feature_type', 'feature_preprocessor:__choice__': 'no_preprocessing', 'classifier:random_forest:bootstrap': 'False', 'classifier:random_forest:criterion': 'entropy', 'classifier:random_forest:max_depth': 'None', 'classifier:random_forest:max_features': 0.37030596631919066, 'classifier:random_forest:max_leaf_nodes': 'None', 'classifier:random_forest:min_impurity_decrease': 0.0, 'classifier:random_forest:min_samples_leaf': 8, 'classifier:random_forest:min_samples_split': 3, 'classifier:random_forest:min_weight_fraction_leaf': 0.0, 'data_preprocessor:feature_type:numerical_transformer:imputation:strategy': 'mean', 'data_preprocessor:feature_type:numerical_transformer:rescaling:__choice__': 'standardize'}",Success,6.25,none,random_forest,feature_type,no_preprocessing,,,,,,,,,,,,,,,,,,,,,,,,,,,,,,,,,,,,,,,False,entropy,None,0.37030596631919066,None,0.0,8.0,3.0,0.0,,,,,,,,mean,standardize,,,,,,,,,,,
0.8385,4,427.9651572704315,"{'balancing:strategy': 'none', 'classifier:__choice__': 'random_forest', 'data_preprocessor:__choice__': 'feature_type', 'feature_preprocessor:__choice__': 'no_preprocessing', 'classifier:random_forest:bootstrap': 'False', 'classifier:random_forest:criterion': 'gini', 'classifier:random_forest:max_depth': 'None', 'classifier:random_forest:max_features': 0.9010323553021987, 'classifier:random_forest:max_leaf_nodes': 'None', 'classifier:random_forest:min_impurity_decrease': 0.0, 'classifier:random_forest:min_samples_leaf': 2, 'classifier:random_forest:min_samples_split': 6, 'classifier:random_forest:min_weight_fraction_leaf': 0.0, 'data_preprocessor:feature_type:numerical_transformer:imputation:strategy': 'median', 'data_preprocessor:feature_type:numerical_transformer:rescaling:__choice__': 'minmax'}",Success,6.25,none,random_forest,feature_type,no_preprocessing,,,,,,,,,,,,,,,,,,,,,,,,,,,,,,,,,,,,,,,False,gini,None,0.9010323553021987,None,0.0,2.0,6.0,0.0,,,,,,,,median,minmax,,,,,,,,,,,
0.5445,42,60.68652153015137,"{'balancing:strategy': 'weighting', 'classifier:__choice__': 'random_forest', 'data_preprocessor:__choice__': 'feature_type', 'feature_preprocessor:__choice__': 'no_preprocessing', 'classifier:random_forest:bootstrap': 'True', 'classifier:random_forest:criterion': 'entropy', 'classifier:random_forest:max_depth': 'None', 'classifier:random_forest:max_features': 0.16953290009706912, 'classifier:random_forest:max_leaf_nodes': 'None', 'classifier:random_forest:min_impurity_decrease': 0.0, 'classifier:random_forest:min_samples_leaf': 2, 'classifier:random_forest:min_samples_split': 7, 'classifier:random_forest:min_weight_fraction_leaf': 0.0, 'data_preprocessor:feature_type:numerical_transformer:imputation:strategy': 'most_frequent', 'data_preprocessor:feature_type:numerical_transformer:rescaling:__choice__': 'normalize'}",Success,6.25,weighting,random_forest,feature_type,no_preprocessing,,,,,,,,,,,,,,,,,,,,,,,,,,,,,,,,,,,,,,,True,entropy,None,0.16953290009706912,None,0.0,2.0,7.0,0.0,,,,,,,,most_frequent,normalize,,,,,,,,,,,
0.5640000000000001,37,200.25195240974426,"{'balancing:strategy': 'weighting', 'classifier:__choice__': 'sgd', 'data_preprocessor:__choice__': 'feature_type', 'feature_preprocessor:__choice__': 'no_preprocessing', 'classifier:sgd:alpha': 0.0010194001901905456, 'classifier:sgd:average': 'True', 'classifier:sgd:fit_intercept': 'True', 'classifier:sgd:learning_rate': 'invscaling', 'classifier:sgd:loss': 'hinge', 'classifier:sgd:penalty': 'l1', 'classifier:sgd:tol': 0.00579575170922766, 'data_preprocessor:feature_type:numerical_transformer:imputation:strategy': 'mean', 'data_preprocessor:feature_type:numerical_transformer:rescaling:__choice__': 'power_transformer', 'classifier:sgd:eta0': 0.0034354904500811067, 'classifier:sgd:power_t': 0.27960153478243954}",Success (but do not advance to higher budget),6.25,weighting,sgd,feature_type,no_preprocessing,,,,,,,,,,,,,,,,,,,,,,,,,,,,,,,,,,,,,,,,,,,,,,,,0.0010194001901905456,True,True,invscaling,hinge,l1,0.00579575170922766,mean,power_transformer,,,,,0.0034354904500811067,,0.27960153478243954,,,,
0.597,34,49.59057283401489,"{'balancing:strategy': 'weighting', 'classifier:__choice__': 'passive_aggressive', 'data_preprocessor:__choice__': 'feature_type', 'feature_preprocessor:__choice__': 'no_preprocessing', 'classifier:passive_aggressive:C': 0.41545218247934096, 'classifier:passive_aggressive:average': 'True', 'classifier:passive_aggressive:fit_intercept': 'True', 'classifier:passive_aggressive:loss': 'hinge', 'classifier:passive_aggressive:tol': 0.008475506232132673, 'data_preprocessor:feature_type:numerical_transformer:imputation:strategy': 'mean', 'data_preprocessor:feature_type:numerical_transformer:rescaling:__choice__': 'normalize'}",Success (but do not advance to higher budget),6.25,weighting,passive_aggressive,feature_type,no_preprocessing,,,,,,,,,,,,,,,,,,,,,,,,,,,,,,,,,,0.41545218247934096,True,True,hinge,0.008475506232132673,,,,,,,,,,,,,,,,,mean,normalize,,,,,,,,,,,
0.83,8,860.7652792930603,"{'balancing:strategy': 'none', 'classifier:__choice__': 'gradient_boosting', 'data_preprocessor:__choice__': 'feature_type', 'feature_preprocessor:__choice__': 'no_preprocessing', 'classifier:gradient_boosting:early_stop': 'train', 'classifier:gradient_boosting:l2_regularization': 0.026267946591530228, 'classifier:gradient_boosting:learning_rate': 0.16732434553541378, 'classifier:gradient_boosting:loss': 'auto', 'classifier:gradient_boosting:max_bins': 255, 'classifier:gradient_boosting:max_depth': 'None', 'classifier:gradient_boosting:max_leaf_nodes': 51, 'classifier:gradient_boosting:min_samples_leaf': 3, 'classifier:gradient_boosting:scoring': 'loss', 'classifier:gradient_boosting:tol': 1e-07, 'data_preprocessor:feature_type:numerical_transformer:imputation:strategy': 'mean', 'data_preprocessor:feature_type:numerical_transformer:rescaling:__choice__': 'none', 'classifier:gradient_boosting:n_iter_no_change': 4}",Success,25.0,none,gradient_boosting,feature_type,no_preprocessing,,,,,,,,,,train,0.026267946591530228,0.16732434553541378,auto,255.0,None,51.0,3.0,loss,1e-07,,,,,,,,,,,,,,,,,,,,,,,,,,,,,,,,,,,,mean,none,4.0,,,,,,,,,,
0.625,33,64.71693181991577,"{'balancing:strategy': 'weighting', 'classifier:__choice__': 'extra_trees', 'data_preprocessor:__choice__': 'feature_type', 'feature_preprocessor:__choice__': 'no_preprocessing', 'classifier:extra_trees:bootstrap': 'False', 'classifier:extra_trees:criterion': 'gini', 'classifier:extra_trees:max_depth': 'None', 'classifier:extra_trees:max_features': 0.5141931732502651, 'classifier:extra_trees:max_leaf_nodes': 'None', 'classifier:extra_trees:min_impurity_decrease': 0.0, 'classifier:extra_trees:min_samples_leaf': 9, 'classifier:extra_trees:min_samples_split': 5, 'classifier:extra_trees:min_weight_fraction_leaf': 0.0, 'data_preprocessor:feature_type:numerical_transformer:imputation:strategy': 'most_frequent', 'data_preprocessor:feature_type:numerical_transformer:rescaling:__choice__': 'robust_scaler', 'data_preprocessor:feature_type:numerical_transformer:rescaling:robust_scaler:q_max': 0.9508507325968292, 'data_preprocessor:feature_type:numerical_transformer:rescaling:robust_scaler:q_min': 0.2548615657217549}",Success,6.25,weighting,extra_trees,feature_type,no_preprocessing,False,gini,None,0.5141931732502651,None,0.0,9.0,5.0,0.0,,,,,,,,,,,,,,,,,,,,,,,,,,,,,,,,,,,,,,,,,,,,,,most_frequent,robust_scaler,,,,,,,,,,0.9508507325968292,0.2548615657217549
0.5169999999999999,53,43.174241065979004,"{'balancing:strategy': 'none', 'classifier:__choice__': 'extra_trees', 'data_preprocessor:__choice__': 'feature_type', 'feature_preprocessor:__choice__': 'no_preprocessing', 'classifier:extra_trees:bootstrap': 'False', 'classifier:extra_trees:criterion': 'gini', 'classifier:extra_trees:max_depth': 'None', 'classifier:extra_trees:max_features': 0.09420650215821358, 'classifier:extra_trees:max_leaf_nodes': 'None', 'classifier:extra_trees:min_impurity_decrease': 0.0, 'classifier:extra_trees:min_samples_leaf': 2, 'classifier:extra_trees:min_samples_split': 8, 'classifier:extra_trees:min_weight_fraction_leaf': 0.0, 'data_preprocessor:feature_type:numerical_transformer:imputation:strategy': 'mean', 'data_preprocessor:feature_type:numerical_transformer:rescaling:__choice__': 'robust_scaler', 'data_preprocessor:feature_type:numerical_transformer:rescaling:robust_scaler:q_max': 0.8836163840561306, 'data_preprocessor:feature_type:numerical_transformer:rescaling:robust_scaler:q_min': 0.26571329193612225}",Success,6.25,none,extra_trees,feature_type,no_preprocessing,False,gini,None,0.09420650215821358,None,0.0,2.0,8.0,0.0,,,,,,,,,,,,,,,,,,,,,,,,,,,,,,,,,,,,,,,,,,,,,,mean,robust_scaler,,,,,,,,,,0.8836163840561306,0.26571329193612225
0.5295000000000001,51,55.24362111091614,"{'balancing:strategy': 'weighting', 'classifier:__choice__': 'sgd', 'data_preprocessor:__choice__': 'feature_type', 'feature_preprocessor:__choice__': 'no_preprocessing', 'classifier:sgd:alpha': 0.00010938146801440065, 'classifier:sgd:average': 'False', 'classifier:sgd:fit_intercept': 'True', 'classifier:sgd:learning_rate': 'constant', 'classifier:sgd:loss': 'log', 'classifier:sgd:penalty': 'elasticnet', 'classifier:sgd:tol': 0.0006846795952331562, 'data_preprocessor:feature_type:numerical_transformer:imputation:strategy': 'median', 'data_preprocessor:feature_type:numerical_transformer:rescaling:__choice__': 'normalize', 'classifier:sgd:eta0': 0.019144102600451785, 'classifier:sgd:l1_ratio': 4.302828212891419e-07}",Success (but do not advance to higher budget),6.25,weighting,sgd,feature_type,no_preprocessing,,,,,,,,,,,,,,,,,,,,,,,,,,,,,,,,,,,,,,,,,,,,,,,,0.00010938146801440065,False,True,constant,log,elasticnet,0.0006846795952331562,median,normalize,,,,,0.019144102600451785,4.302828212891419e-07,,,,,
0.7885,16,148.61060214042664,"{'balancing:strategy': 'none', 'classifier:__choice__': 'random_forest', 'data_preprocessor:__choice__': 'feature_type', 'feature_preprocessor:__choice__': 'no_preprocessing', 'classifier:random_forest:bootstrap': 'True', 'classifier:random_forest:criterion': 'entropy', 'classifier:random_forest:max_depth': 'None', 'classifier:random_forest:max_features': 0.7401803574412287, 'classifier:random_forest:max_leaf_nodes': 'None', 'classifier:random_forest:min_impurity_decrease': 0.0, 'classifier:random_forest:min_samples_leaf': 3, 'classifier:random_forest:min_samples_split': 20, 'classifier:random_forest:min_weight_fraction_leaf': 0.0, 'data_preprocessor:feature_type:numerical_transformer:imputation:strategy': 'most_frequent', 'data_preprocessor:feature_type:numerical_transformer:rescaling:__choice__': 'minmax'}",Success,6.25,none,random_forest,feature_type,no_preprocessing,,,,,,,,,,,,,,,,,,,,,,,,,,,,,,,,,,,,,,,True,entropy,None,0.7401803574412287,None,0.0,3.0,20.0,0.0,,,,,,,,most_frequent,minmax,,,,,,,,,,,
0.8135,12,338.5952126979828,"{'balancing:strategy': 'none', 'classifier:__choice__': 'gradient_boosting', 'data_preprocessor:__choice__': 'feature_type', 'feature_preprocessor:__choice__': 'no_preprocessing', 'classifier:gradient_boosting:early_stop': 'off', 'classifier:gradient_boosting:l2_regularization': 2.229543866250487e-06, 'classifier:gradient_boosting:learning_rate': 0.044596726412986155, 'classifier:gradient_boosting:loss': 'auto', 'classifier:gradient_boosting:max_bins': 255, 'classifier:gradient_boosting:max_depth': 'None', 'classifier:gradient_boosting:max_leaf_nodes': 564, 'classifier:gradient_boosting:min_samples_leaf': 10, 'classifier:gradient_boosting:scoring': 'loss', 'classifier:gradient_boosting:tol': 1e-07, 'data_preprocessor:feature_type:numerical_transformer:imputation:strategy': 'mean', 'data_preprocessor:feature_type:numerical_transformer:rescaling:__choice__': 'none'}",Success,6.25,none,gradient_boosting,feature_type,no_preprocessing,,,,,,,,,,off,2.229543866250487e-06,0.044596726412986155,auto,255.0,None,564.0,10.0,loss,1e-07,,,,,,,,,,,,,,,,,,,,,,,,,,,,,,,,,,,,mean,none,,,,,,,,,,,
0.575,35,49.64668846130371,"{'balancing:strategy': 'none', 'classifier:__choice__': 'random_forest', 'data_preprocessor:__choice__': 'feature_type', 'feature_preprocessor:__choice__': 'no_preprocessing', 'classifier:random_forest:bootstrap': 'False', 'classifier:random_forest:criterion': 'entropy', 'classifier:random_forest:max_depth': 'None', 'classifier:random_forest:max_features': 0.1604731295185191, 'classifier:random_forest:max_leaf_nodes': 'None', 'classifier:random_forest:min_impurity_decrease': 0.0, 'classifier:random_forest:min_samples_leaf': 19, 'classifier:random_forest:min_samples_split': 20, 'classifier:random_forest:min_weight_fraction_leaf': 0.0, 'data_preprocessor:feature_type:numerical_transformer:imputation:strategy': 'median', 'data_preprocessor:feature_type:numerical_transformer:rescaling:__choice__': 'minmax'}",Success,6.25,none,random_forest,feature_type,no_preprocessing,,,,,,,,,,,,,,,,,,,,,,,,,,,,,,,,,,,,,,,False,entropy,None,0.1604731295185191,None,0.0,19.0,20.0,0.0,,,,,,,,median,minmax,,,,,,,,,,,
0.8425,3,374.0428636074066,"{'balancing:strategy': 'none', 'classifier:__choice__': 'random_forest', 'data_preprocessor:__choice__': 'feature_type', 'feature_preprocessor:__choice__': 'no_preprocessing', 'classifier:random_forest:bootstrap': 'False', 'classifier:random_forest:criterion': 'gini', 'classifier:random_forest:max_depth': 'None', 'classifier:random_forest:max_features': 0.895590951134447, 'classifier:random_forest:max_leaf_nodes': 'None', 'classifier:random_forest:min_impurity_decrease': 0.0, 'classifier:random_forest:min_samples_leaf': 4, 'classifier:random_forest:min_samples_split': 6, 'classifier:random_forest:min_weight_fraction_leaf': 0.0, 'data_preprocessor:feature_type:numerical_transformer:imputation:strategy': 'median', 'data_preprocessor:feature_type:numerical_transformer:rescaling:__choice__': 'none'}",Success,6.25,none,random_forest,feature_type,no_preprocessing,,,,,,,,,,,,,,,,,,,,,,,,,,,,,,,,,,,,,,,False,gini,None,0.895590951134447,None,0.0,4.0,6.0,0.0,,,,,,,,median,none,,,,,,,,,,,
0.5725,36,60.24843406677246,"{'balancing:strategy': 'weighting', 'classifier:__choice__': 'sgd', 'data_preprocessor:__choice__': 'feature_type', 'feature_preprocessor:__choice__': 'no_preprocessing', 'classifier:sgd:alpha': 0.03692116826925869, 'classifier:sgd:average': 'True', 'classifier:sgd:fit_intercept': 'True', 'classifier:sgd:learning_rate': 'constant', 'classifier:sgd:loss': 'hinge', 'classifier:sgd:penalty': 'elasticnet', 'classifier:sgd:tol': 0.0007175235379621095, 'data_preprocessor:feature_type:numerical_transformer:imputation:strategy': 'median', 'data_preprocessor:feature_type:numerical_transformer:rescaling:__choice__': 'minmax', 'classifier:sgd:eta0': 0.0041902375243597755, 'classifier:sgd:l1_ratio': 0.0050914220163596645}",Success (but do not advance to higher budget),6.25,weighting,sgd,feature_type,no_preprocessing,,,,,,,,,,,,,,,,,,,,,,,,,,,,,,,,,,,,,,,,,,,,,,,,0.03692116826925869,True,True,constant,hinge,elasticnet,0.0007175235379621095,median,minmax,,,,,0.0041902375243597755,0.0050914220163596645,,,,,
0.5365,46,50.31418514251709,"{'balancing:strategy': 'none', 'classifier:__choice__': 'passive_aggressive', 'data_preprocessor:__choice__': 'feature_type', 'feature_preprocessor:__choice__': 'no_preprocessing', 'classifier:passive_aggressive:C': 3.6603844623544246, 'classifier:passive_aggressive:average': 'True', 'classifier:passive_aggressive:fit_intercept': 'True', 'classifier:passive_aggressive:loss': 'hinge', 'classifier:passive_aggressive:tol': 0.0460121993095197, 'data_preprocessor:feature_type:numerical_transformer:imputation:strategy': 'most_frequent', 'data_preprocessor:feature_type:numerical_transformer:rescaling:__choice__': 'robust_scaler', 'data_preprocessor:feature_type:numerical_transformer:rescaling:robust_scaler:q_max': 0.8504814551948184, 'data_preprocessor:feature_type:numerical_transformer:rescaling:robust_scaler:q_min': 0.2488706338020075}",Success (but do not advance to higher budget),6.25,none,passive_aggressive,feature_type,no_preprocessing,,,,,,,,,,,,,,,,,,,,,,,,,,,,,,,,,,3.6603844623544246,True,True,hinge,0.0460121993095197,,,,,,,,,,,,,,,,,most_frequent,robust_scaler,,,,,,,,,,0.8504814551948184,0.2488706338020075
0.7795,18,120.5116126537323,"{'balancing:strategy': 'none', 'classifier:__choice__': 'random_forest', 'data_preprocessor:__choice__': 'feature_type', 'feature_preprocessor:__choice__': 'no_preprocessing', 'classifier:random_forest:bootstrap': 'True', 'classifier:random_forest:criterion': 'gini', 'classifier:random_forest:max_depth': 'None', 'classifier:random_forest:max_features': 0.784289827597382, 'classifier:random_forest:max_leaf_nodes': 'None', 'classifier:random_forest:min_impurity_decrease': 0.0, 'classifier:random_forest:min_samples_leaf': 17, 'classifier:random_forest:min_samples_split': 10, 'classifier:random_forest:min_weight_fraction_leaf': 0.0, 'data_preprocessor:feature_type:numerical_transformer:imputation:strategy': 'mean', 'data_preprocessor:feature_type:numerical_transformer:rescaling:__choice__': 'none'}",Success,6.25,none,random_forest,feature_type,no_preprocessing,,,,,,,,,,,,,,,,,,,,,,,,,,,,,,,,,,,,,,,True,gini,None,0.784289827597382,None,0.0,17.0,10.0,0.0,,,,,,,,mean,none,,,,,,,,,,,
0.7595000000000001,22,102.11625838279724,"{'balancing:strategy': 'weighting', 'classifier:__choice__': 'random_forest', 'data_preprocessor:__choice__': 'feature_type', 'feature_preprocessor:__choice__': 'no_preprocessing', 'classifier:random_forest:bootstrap': 'False', 'classifier:random_forest:criterion': 'gini', 'classifier:random_forest:max_depth': 'None', 'classifier:random_forest:max_features': 0.6213430271778151, 'classifier:random_forest:max_leaf_nodes': 'None', 'classifier:random_forest:min_impurity_decrease': 0.0, 'classifier:random_forest:min_samples_leaf': 17, 'classifier:random_forest:min_samples_split': 12, 'classifier:random_forest:min_weight_fraction_leaf': 0.0, 'data_preprocessor:feature_type:numerical_transformer:imputation:strategy': 'median', 'data_preprocessor:feature_type:numerical_transformer:rescaling:__choice__': 'none'}",Success,6.25,weighting,random_forest,feature_type,no_preprocessing,,,,,,,,,,,,,,,,,,,,,,,,,,,,,,,,,,,,,,,False,gini,None,0.6213430271778151,None,0.0,17.0,12.0,0.0,,,,,,,,median,none,,,,,,,,,,,
0.5365,46,66.58219146728516,"{'balancing:strategy': 'weighting', 'classifier:__choice__': 'sgd', 'data_preprocessor:__choice__': 'feature_type', 'feature_preprocessor:__choice__': 'no_preprocessing', 'classifier:sgd:alpha': 0.010300101661100567, 'classifier:sgd:average': 'True', 'classifier:sgd:fit_intercept': 'True', 'classifier:sgd:learning_rate': 'constant', 'classifier:sgd:loss': 'squared_hinge', 'classifier:sgd:penalty': 'l1', 'classifier:sgd:tol': 2.5804063701344037e-05, 'data_preprocessor:feature_type:numerical_transformer:imputation:strategy': 'most_frequent', 'data_preprocessor:feature_type:numerical_transformer:rescaling:__choice__': 'robust_scaler', 'classifier:sgd:eta0': 0.017058669433690266, 'data_preprocessor:feature_type:numerical_transformer:rescaling:robust_scaler:q_max': 0.7395754275741475, 'data_preprocessor:feature_type:numerical_transformer:rescaling:robust_scaler:q_min': 0.10466163871399511}",Success (but do not advance to higher budget),6.25,weighting,sgd,feature_type,no_preprocessing,,,,,,,,,,,,,,,,,,,,,,,,,,,,,,,,,,,,,,,,,,,,,,,,0.010300101661100567,True,True,constant,squared_hinge,l1,2.5804063701344037e-05,most_frequent,robust_scaler,,,,,0.017058669433690266,,,,,0.7395754275741475,0.10466163871399511
0.792,15,222.14363265037537,"{'balancing:strategy': 'weighting', 'classifier:__choice__': 'gradient_boosting', 'data_preprocessor:__choice__': 'feature_type', 'feature_preprocessor:__choice__': 'no_preprocessing', 'classifier:gradient_boosting:early_stop': 'off', 'classifier:gradient_boosting:l2_regularization': 0.00021729778372951106, 'classifier:gradient_boosting:learning_rate': 0.030613153954007315, 'classifier:gradient_boosting:loss': 'auto', 'classifier:gradient_boosting:max_bins': 255, 'classifier:gradient_boosting:max_depth': 'None', 'classifier:gradient_boosting:max_leaf_nodes': 684, 'classifier:gradient_boosting:min_samples_leaf': 7, 'classifier:gradient_boosting:scoring': 'loss', 'classifier:gradient_boosting:tol': 1e-07, 'data_preprocessor:feature_type:numerical_transformer:imputation:strategy': 'most_frequent', 'data_preprocessor:feature_type:numerical_transformer:rescaling:__choice__': 'standardize'}",Success (but do not advance to higher budget),6.25,weighting,gradient_boosting,feature_type,no_preprocessing,,,,,,,,,,off,0.00021729778372951106,0.030613153954007315,auto,255.0,None,684.0,7.0,loss,1e-07,,,,,,,,,,,,,,,,,,,,,,,,,,,,,,,,,,,,most_frequent,standardize,,,,,,,,,,,
0.8075,13,121.26708269119263,"{'balancing:strategy': 'none', 'classifier:__choice__': 'random_forest', 'data_preprocessor:__choice__': 'feature_type', 'feature_preprocessor:__choice__': 'no_preprocessing', 'classifier:random_forest:bootstrap': 'False', 'classifier:random_forest:criterion': 'gini', 'classifier:random_forest:max_depth': 'None', 'classifier:random_forest:max_features': 0.6933088496900983, 'classifier:random_forest:max_leaf_nodes': 'None', 'classifier:random_forest:min_impurity_decrease': 0.0, 'classifier:random_forest:min_samples_leaf': 18, 'classifier:random_forest:min_samples_split': 4, 'classifier:random_forest:min_weight_fraction_leaf': 0.0, 'data_preprocessor:feature_type:numerical_transformer:imputation:strategy': 'median', 'data_preprocessor:feature_type:numerical_transformer:rescaling:__choice__': 'minmax'}",Success,6.25,none,random_forest,feature_type,no_preprocessing,,,,,,,,,,,,,,,,,,,,,,,,,,,,,,,,,,,,,,,False,gini,None,0.6933088496900983,None,0.0,18.0,4.0,0.0,,,,,,,,median,minmax,,,,,,,,,,,
0.8175,10,188.1242160797119,"{'balancing:strategy': 'none', 'classifier:__choice__': 'gradient_boosting', 'data_preprocessor:__choice__': 'feature_type', 'feature_preprocessor:__choice__': 'no_preprocessing', 'classifier:gradient_boosting:early_stop': 'train', 'classifier:gradient_boosting:l2_regularization': 0.026267946591530228, 'classifier:gradient_boosting:learning_rate': 0.16732434553541378, 'classifier:gradient_boosting:loss': 'auto', 'classifier:gradient_boosting:max_bins': 255, 'classifier:gradient_boosting:max_depth': 'None', 'classifier:gradient_boosting:max_leaf_nodes': 51, 'classifier:gradient_boosting:min_samples_leaf': 3, 'classifier:gradient_boosting:scoring': 'loss', 'classifier:gradient_boosting:tol': 1e-07, 'data_preprocessor:feature_type:numerical_transformer:imputation:strategy': 'mean', 'data_preprocessor:feature_type:numerical_transformer:rescaling:__choice__': 'none', 'classifier:gradient_boosting:n_iter_no_change': 4}",Success (but do not advance to higher budget),100.0,none,gradient_boosting,feature_type,no_preprocessing,,,,,,,,,,train,0.026267946591530228,0.16732434553541378,auto,255.0,None,51.0,3.0,loss,1e-07,,,,,,,,,,,,,,,,,,,,,,,,,,,,,,,,,,,,mean,none,4.0,,,,,,,,,,
0.8175,10,175.14857745170593,"{'balancing:strategy': 'none', 'classifier:__choice__': 'random_forest', 'data_preprocessor:__choice__': 'feature_type', 'feature_preprocessor:__choice__': 'no_preprocessing', 'classifier:random_forest:bootstrap': 'False', 'classifier:random_forest:criterion': 'gini', 'classifier:random_forest:max_depth': 'None', 'classifier:random_forest:max_features': 0.895590951134447, 'classifier:random_forest:max_leaf_nodes': 'None', 'classifier:random_forest:min_impurity_decrease': 0.0, 'classifier:random_forest:min_samples_leaf': 4, 'classifier:random_forest:min_samples_split': 6, 'classifier:random_forest:min_weight_fraction_leaf': 0.0, 'data_preprocessor:feature_type:numerical_transformer:imputation:strategy': 'median', 'data_preprocessor:feature_type:numerical_transformer:rescaling:__choice__': 'none'}",Success (but do not advance to higher budget),25.0,none,random_forest,feature_type,no_preprocessing,,,,,,,,,,,,,,,,,,,,,,,,,,,,,,,,,,,,,,,False,gini,None,0.895590951134447,None,0.0,4.0,6.0,0.0,,,,,,,,median,none,,,,,,,,,,,
0.0,57,12.068102836608887,"{'balancing:strategy': 'weighting', 'classifier:__choice__': 'mlp', 'data_preprocessor:__choice__': 'feature_type', 'feature_preprocessor:__choice__': 'no_preprocessing', 'classifier:mlp:activation': 'relu', 'classifier:mlp:alpha': 0.0002254170455576976, 'classifier:mlp:batch_size': 'auto', 'classifier:mlp:beta_1': 0.9, 'classifier:mlp:beta_2': 0.999, 'classifier:mlp:early_stopping': 'valid', 'classifier:mlp:epsilon': 1e-08, 'classifier:mlp:hidden_layer_depth': 1, 'classifier:mlp:learning_rate_init': 0.04358899687049842, 'classifier:mlp:n_iter_no_change': 32, 'classifier:mlp:num_nodes_per_layer': 23, 'classifier:mlp:shuffle': 'True', 'classifier:mlp:solver': 'adam', 'classifier:mlp:tol': 0.0001, 'data_preprocessor:feature_type:numerical_transformer:imputation:strategy': 'mean', 'data_preprocessor:feature_type:numerical_transformer:rescaling:__choice__': 'robust_scaler', 'classifier:mlp:validation_fraction': 0.1, 'data_preprocessor:feature_type:numerical_transformer:rescaling:robust_scaler:q_max': 0.8643266351770882, 'data_preprocessor:feature_type:numerical_transformer:rescaling:robust_scaler:q_min': 0.08009130620136826}",Timeout,6.25,weighting,mlp,feature_type,no_preprocessing,,,,,,,,,,,,,,,,,,,,relu,0.0002254170455576976,auto,0.9,0.999,valid,1e-08,1.0,0.04358899687049842,32.0,23.0,True,adam,0.0001,,,,,,,,,,,,,,,,,,,,,,mean,robust_scaler,,,0.1,,,,,,,0.8643266351770882,0.08009130620136826
