,iter,dataset,hyperparameters,roc_auc
0,0,spam,"{'model__ccp_alpha': 0.46854101127480363, 'model__max_depth': 24, 'model__min_samples_leaf': 7, 'model__min_samples_split': 6, 'model__random_state': 42}",0.5
1,1,spam,"{'model__ccp_alpha': 0.9432285529665488, 'model__max_depth': 28, 'model__min_samples_leaf': 9, 'model__min_samples_split': 18, 'model__random_state': 42}",0.5
2,2,spam,"{'model__ccp_alpha': 0.6322596806301894, 'model__max_depth': 26, 'model__min_samples_leaf': 48, 'model__min_samples_split': 19, 'model__random_state': 42}",0.5
3,3,spam,"{'model__ccp_alpha': 0.5559221181853791, 'model__max_depth': 7, 'model__min_samples_leaf': 40, 'model__min_samples_split': 48, 'model__random_state': 42}",0.5
4,4,spam,"{'model__ccp_alpha': 0.5148839408871806, 'model__max_depth': 9, 'model__min_samples_leaf': 20, 'model__min_samples_split': 24, 'model__random_state': 42}",0.5
5,5,spam,"{'model__ccp_alpha': 0.9680269132537433, 'model__max_depth': 9, 'model__min_samples_leaf': 6, 'model__min_samples_split': 6, 'model__random_state': 42}",0.5
6,6,spam,"{'model__ccp_alpha': 0.3828881580024156, 'model__max_depth': 16, 'model__min_samples_leaf': 20, 'model__min_samples_split': 44, 'model__random_state': 42}",0.5
7,7,spam,"{'model__ccp_alpha': 0.2862143388128718, 'model__max_depth': 2, 'model__min_samples_leaf': 41, 'model__min_samples_split': 45, 'model__random_state': 42}",0.5
8,8,spam,"{'model__ccp_alpha': 0.4613718612558083, 'model__max_depth': 14, 'model__min_samples_leaf': 44, 'model__min_samples_split': 9, 'model__random_state': 42}",0.5
9,9,spam,"{'model__ccp_alpha': 0.21664435195089232, 'model__max_depth': 14, 'model__min_samples_leaf': 49, 'model__min_samples_split': 10, 'model__random_state': 42}",0.5
10,10,spam,"{'model__ccp_alpha': 0.0, 'model__max_depth': 30, 'model__min_samples_leaf': 60, 'model__min_samples_split': 60, 'model__random_state': 42}",0.9316310063082487
11,11,spam,"{'model__ccp_alpha': 0.0, 'model__max_depth': 1, 'model__min_samples_leaf': 1, 'model__min_samples_split': 2, 'model__random_state': 42}",0.7546392940704314
12,12,spam,"{'model__ccp_alpha': 0.0, 'model__max_depth': 1, 'model__min_samples_leaf': 1, 'model__min_samples_split': 60, 'model__random_state': 42}",0.7546392940704314
13,13,spam,"{'model__ccp_alpha': 0.026310258338385618, 'model__max_depth': 13, 'model__min_samples_leaf': 60, 'model__min_samples_split': 58, 'model__random_state': 42}",0.8556673496078574
14,14,spam,"{'model__ccp_alpha': 0.9950639644130063, 'model__max_depth': 8, 'model__min_samples_leaf': 59, 'model__min_samples_split': 14, 'model__random_state': 42}",0.5
15,15,spam,"{'model__ccp_alpha': 0.03248711330060432, 'model__max_depth': 30, 'model__min_samples_leaf': 1, 'model__min_samples_split': 2, 'model__random_state': 42}",0.8475507891653893
16,16,spam,"{'model__ccp_alpha': 0.011320713194718762, 'model__max_depth': 30, 'model__min_samples_leaf': 60, 'model__min_samples_split': 2, 'model__random_state': 42}",0.8787356250272822
17,17,spam,"{'model__ccp_alpha': 0.0, 'model__max_depth': 23, 'model__min_samples_leaf': 1, 'model__min_samples_split': 60, 'model__random_state': 42}",0.9275519714901813
18,18,spam,"{'model__ccp_alpha': 0.0, 'model__max_depth': 27, 'model__min_samples_leaf': 60, 'model__min_samples_split': 60, 'model__random_state': 42}",0.9316310063082487
19,19,spam,"{'model__ccp_alpha': 0.0, 'model__max_depth': 29, 'model__min_samples_leaf': 1, 'model__min_samples_split': 60, 'model__random_state': 42}",0.9275519714901813
20,20,spam,"{'model__ccp_alpha': 0.0, 'model__max_depth': 26, 'model__min_samples_leaf': 60, 'model__min_samples_split': 60, 'model__random_state': 42}",0.9316310063082487
21,21,spam,"{'model__ccp_alpha': 0.00020277754485187321, 'model__max_depth': 18, 'model__min_samples_leaf': 43, 'model__min_samples_split': 5, 'model__random_state': 42}",0.9337749075671361
22,22,spam,"{'model__ccp_alpha': 0.0, 'model__max_depth': 20, 'model__min_samples_leaf': 60, 'model__min_samples_split': 26, 'model__random_state': 42}",0.9316310063082487
23,23,spam,"{'model__ccp_alpha': 0.0, 'model__max_depth': 17, 'model__min_samples_leaf': 60, 'model__min_samples_split': 60, 'model__random_state': 42}",0.9316310063082487
24,24,spam,"{'model__ccp_alpha': 0.0, 'model__max_depth': 16, 'model__min_samples_leaf': 60, 'model__min_samples_split': 2, 'model__random_state': 42}",0.9316310063082487
25,25,spam,"{'model__ccp_alpha': 0.0, 'model__max_depth': 19, 'model__min_samples_leaf': 60, 'model__min_samples_split': 60, 'model__random_state': 42}",0.9316310063082487
26,26,spam,"{'model__ccp_alpha': 0.0, 'model__max_depth': 17, 'model__min_samples_leaf': 60, 'model__min_samples_split': 26, 'model__random_state': 42}",0.9316310063082487
27,27,spam,"{'model__ccp_alpha': 0.8020817718301291, 'model__max_depth': 1, 'model__min_samples_leaf': 18, 'model__min_samples_split': 44, 'model__random_state': 42}",0.5
28,28,spam,"{'model__ccp_alpha': 0.0, 'model__max_depth': 19, 'model__min_samples_leaf': 60, 'model__min_samples_split': 2, 'model__random_state': 42}",0.9316310063082487
29,29,spam,"{'model__ccp_alpha': 0.0, 'model__max_depth': 18, 'model__min_samples_leaf': 60, 'model__min_samples_split': 2, 'model__random_state': 42}",0.9316310063082487
30,30,spam,"{'model__ccp_alpha': 0.0, 'model__max_depth': 18, 'model__min_samples_leaf': 60, 'model__min_samples_split': 27, 'model__random_state': 42}",0.9316310063082487
31,31,spam,"{'model__ccp_alpha': 0.0, 'model__max_depth': 20, 'model__min_samples_leaf': 60, 'model__min_samples_split': 60, 'model__random_state': 42}",0.9316310063082487
32,32,spam,"{'model__ccp_alpha': 0.0, 'model__max_depth': 28, 'model__min_samples_leaf': 30, 'model__min_samples_split': 60, 'model__random_state': 42}",0.9385959455238536
33,33,spam,"{'model__ccp_alpha': 0.0, 'model__max_depth': 24, 'model__min_samples_leaf': 26, 'model__min_samples_split': 16, 'model__random_state': 42}",0.936628517281255
34,34,spam,"{'model__ccp_alpha': 0.0, 'model__max_depth': 30, 'model__min_samples_leaf': 36, 'model__min_samples_split': 2, 'model__random_state': 42}",0.9362999344994938
35,35,spam,"{'model__ccp_alpha': 0.0, 'model__max_depth': 26, 'model__min_samples_leaf': 38, 'model__min_samples_split': 60, 'model__random_state': 42}",0.9339166537161916
36,36,spam,"{'model__ccp_alpha': 0.0, 'model__max_depth': 30, 'model__min_samples_leaf': 21, 'model__min_samples_split': 60, 'model__random_state': 42}",0.9359571432866204
37,37,spam,"{'model__ccp_alpha': 0.0, 'model__max_depth': 27, 'model__min_samples_leaf': 20, 'model__min_samples_split': 2, 'model__random_state': 42}",0.9354438618338792
38,38,spam,"{'model__ccp_alpha': 0.0, 'model__max_depth': 19, 'model__min_samples_leaf': 24, 'model__min_samples_split': 60, 'model__random_state': 42}",0.9368773086942959
39,39,spam,"{'model__ccp_alpha': 0.10963578473452762, 'model__max_depth': 2, 'model__min_samples_leaf': 2, 'model__min_samples_split': 47, 'model__random_state': 42}",0.7546392940704314
40,40,spam,"{'model__ccp_alpha': 0.0, 'model__max_depth': 22, 'model__min_samples_leaf': 21, 'model__min_samples_split': 60, 'model__random_state': 42}",0.9359571432866204
41,41,spam,"{'model__ccp_alpha': 0.0, 'model__max_depth': 30, 'model__min_samples_leaf': 31, 'model__min_samples_split': 60, 'model__random_state': 42}",0.9382913312240302
42,42,spam,"{'model__ccp_alpha': 0.0, 'model__max_depth': 30, 'model__min_samples_leaf': 30, 'model__min_samples_split': 60, 'model__random_state': 42}",0.9385959455238536
43,43,spam,"{'model__ccp_alpha': 0.0, 'model__max_depth': 20, 'model__min_samples_leaf': 31, 'model__min_samples_split': 60, 'model__random_state': 42}",0.9382913312240302
44,44,spam,"{'model__ccp_alpha': 0.0, 'model__max_depth': 18, 'model__min_samples_leaf': 32, 'model__min_samples_split': 60, 'model__random_state': 42}",0.9383267598339161
45,45,spam,"{'model__ccp_alpha': 0.0, 'model__max_depth': 19, 'model__min_samples_leaf': 30, 'model__min_samples_split': 2, 'model__random_state': 42}",0.9385959455238536
46,46,spam,"{'model__ccp_alpha': 0.0, 'model__max_depth': 17, 'model__min_samples_leaf': 31, 'model__min_samples_split': 2, 'model__random_state': 42}",0.9382913312240302
47,47,spam,"{'model__ccp_alpha': 0.0, 'model__max_depth': 3, 'model__min_samples_leaf': 60, 'model__min_samples_split': 2, 'model__random_state': 42}",0.9003840149300213
48,48,spam,"{'model__ccp_alpha': 0.0, 'model__max_depth': 19, 'model__min_samples_leaf': 31, 'model__min_samples_split': 2, 'model__random_state': 42}",0.9382913312240302
49,49,spam,"{'model__ccp_alpha': 0.0, 'model__max_depth': 30, 'model__min_samples_leaf': 28, 'model__min_samples_split': 2, 'model__random_state': 42}",0.9365774153480759
50,50,spam,"{'model__ccp_alpha': 0.0, 'model__max_depth': 16, 'model__min_samples_leaf': 33, 'model__min_samples_split': 60, 'model__random_state': 42}",0.9355294736920167
51,51,spam,"{'model__ccp_alpha': 0.0, 'model__max_depth': 19, 'model__min_samples_leaf': 29, 'model__min_samples_split': 2, 'model__random_state': 42}",0.9374684179624089
52,52,spam,"{'model__ccp_alpha': 0.0, 'model__max_depth': 19, 'model__min_samples_leaf': 31, 'model__min_samples_split': 60, 'model__random_state': 42}",0.9382913312240302
53,53,spam,"{'model__ccp_alpha': 0.0, 'model__max_depth': 29, 'model__min_samples_leaf': 30, 'model__min_samples_split': 60, 'model__random_state': 42}",0.9385959455238536
54,54,spam,"{'model__ccp_alpha': 0.0, 'model__max_depth': 30, 'model__min_samples_leaf': 31, 'model__min_samples_split': 60, 'model__random_state': 42}",0.9382913312240302
55,55,spam,"{'model__ccp_alpha': 0.0, 'model__max_depth': 19, 'model__min_samples_leaf': 31, 'model__min_samples_split': 60, 'model__random_state': 42}",0.9382913312240302
56,56,spam,"{'model__ccp_alpha': 0.0, 'model__max_depth': 28, 'model__min_samples_leaf': 28, 'model__min_samples_split': 60, 'model__random_state': 42}",0.937039510181665
57,57,spam,"{'model__ccp_alpha': 0.0, 'model__max_depth': 30, 'model__min_samples_leaf': 32, 'model__min_samples_split': 60, 'model__random_state': 42}",0.9383267598339161
58,58,spam,"{'model__ccp_alpha': 0.0, 'model__max_depth': 19, 'model__min_samples_leaf': 31, 'model__min_samples_split': 2, 'model__random_state': 42}",0.9382913312240302
59,59,spam,"{'model__ccp_alpha': 0.0, 'model__max_depth': 19, 'model__min_samples_leaf': 31, 'model__min_samples_split': 60, 'model__random_state': 42}",0.9382913312240302
60,60,spam,"{'model__ccp_alpha': 0.0, 'model__max_depth': 30, 'model__min_samples_leaf': 32, 'model__min_samples_split': 60, 'model__random_state': 42}",0.9383267598339161
61,61,spam,"{'model__ccp_alpha': 0.0, 'model__max_depth': 30, 'model__min_samples_leaf': 31, 'model__min_samples_split': 60, 'model__random_state': 42}",0.9382913312240302
62,62,spam,"{'model__ccp_alpha': 0.0, 'model__max_depth': 18, 'model__min_samples_leaf': 31, 'model__min_samples_split': 2, 'model__random_state': 42}",0.9382913312240302
63,63,spam,"{'model__ccp_alpha': 0.0, 'model__max_depth': 19, 'model__min_samples_leaf': 31, 'model__min_samples_split': 2, 'model__random_state': 42}",0.9382913312240302
64,64,spam,"{'model__ccp_alpha': 0.0, 'model__max_depth': 19, 'model__min_samples_leaf': 31, 'model__min_samples_split': 60, 'model__random_state': 42}",0.9382913312240302
65,65,spam,"{'model__ccp_alpha': 0.0, 'model__max_depth': 30, 'model__min_samples_leaf': 31, 'model__min_samples_split': 60, 'model__random_state': 42}",0.9382913312240302
66,66,spam,"{'model__ccp_alpha': 0.0, 'model__max_depth': 30, 'model__min_samples_leaf': 31, 'model__min_samples_split': 60, 'model__random_state': 42}",0.9382913312240302
67,67,spam,"{'model__ccp_alpha': 0.0, 'model__max_depth': 19, 'model__min_samples_leaf': 31, 'model__min_samples_split': 60, 'model__random_state': 42}",0.9382913312240302
68,68,spam,"{'model__ccp_alpha': 0.0, 'model__max_depth': 18, 'model__min_samples_leaf': 31, 'model__min_samples_split': 14, 'model__random_state': 42}",0.9382913312240302
69,69,spam,"{'model__ccp_alpha': 0.0, 'model__max_depth': 19, 'model__min_samples_leaf': 31, 'model__min_samples_split': 2, 'model__random_state': 42}",0.9382913312240302
70,70,spam,"{'model__ccp_alpha': 0.0, 'model__max_depth': 18, 'model__min_samples_leaf': 31, 'model__min_samples_split': 2, 'model__random_state': 42}",0.9382913312240302
71,71,spam,"{'model__ccp_alpha': 0.0, 'model__max_depth': 30, 'model__min_samples_leaf': 30, 'model__min_samples_split': 60, 'model__random_state': 42}",0.9385959455238536
72,72,spam,"{'model__ccp_alpha': 0.0, 'model__max_depth': 30, 'model__min_samples_leaf': 31, 'model__min_samples_split': 60, 'model__random_state': 42}",0.9382913312240302
73,73,spam,"{'model__ccp_alpha': 0.0, 'model__max_depth': 30, 'model__min_samples_leaf': 30, 'model__min_samples_split': 60, 'model__random_state': 42}",0.9385959455238536
74,74,spam,"{'model__ccp_alpha': 0.0, 'model__max_depth': 30, 'model__min_samples_leaf': 32, 'model__min_samples_split': 60, 'model__random_state': 42}",0.9383267598339161
75,75,spam,"{'model__ccp_alpha': 0.0, 'model__max_depth': 30, 'model__min_samples_leaf': 30, 'model__min_samples_split': 60, 'model__random_state': 42}",0.9385959455238536
76,76,spam,"{'model__ccp_alpha': 0.0, 'model__max_depth': 19, 'model__min_samples_leaf': 31, 'model__min_samples_split': 2, 'model__random_state': 42}",0.9382913312240302
77,77,spam,"{'model__ccp_alpha': 0.0, 'model__max_depth': 19, 'model__min_samples_leaf': 31, 'model__min_samples_split': 58, 'model__random_state': 42}",0.9382913312240302
78,78,spam,"{'model__ccp_alpha': 0.0, 'model__max_depth': 30, 'model__min_samples_leaf': 30, 'model__min_samples_split': 60, 'model__random_state': 42}",0.9385959455238536
79,79,spam,"{'model__ccp_alpha': 0.0, 'model__max_depth': 30, 'model__min_samples_leaf': 30, 'model__min_samples_split': 60, 'model__random_state': 42}",0.9385959455238536
80,80,spam,"{'model__ccp_alpha': 0.0, 'model__max_depth': 30, 'model__min_samples_leaf': 30, 'model__min_samples_split': 60, 'model__random_state': 42}",0.9385959455238536
81,81,spam,"{'model__ccp_alpha': 0.0, 'model__max_depth': 30, 'model__min_samples_leaf': 30, 'model__min_samples_split': 60, 'model__random_state': 42}",0.9385959455238536
82,82,spam,"{'model__ccp_alpha': 0.0, 'model__max_depth': 30, 'model__min_samples_leaf': 31, 'model__min_samples_split': 60, 'model__random_state': 42}",0.9382913312240302
83,83,spam,"{'model__ccp_alpha': 0.0, 'model__max_depth': 30, 'model__min_samples_leaf': 30, 'model__min_samples_split': 60, 'model__random_state': 42}",0.9385959455238536
84,84,spam,"{'model__ccp_alpha': 0.0, 'model__max_depth': 18, 'model__min_samples_leaf': 32, 'model__min_samples_split': 19, 'model__random_state': 42}",0.9383267598339161
85,85,spam,"{'model__ccp_alpha': 0.0, 'model__max_depth': 19, 'model__min_samples_leaf': 31, 'model__min_samples_split': 55, 'model__random_state': 42}",0.9382913312240302
86,86,spam,"{'model__ccp_alpha': 0.0, 'model__max_depth': 30, 'model__min_samples_leaf': 30, 'model__min_samples_split': 60, 'model__random_state': 42}",0.9385959455238536
87,87,spam,"{'model__ccp_alpha': 0.0, 'model__max_depth': 30, 'model__min_samples_leaf': 31, 'model__min_samples_split': 60, 'model__random_state': 42}",0.9382913312240302
88,88,spam,"{'model__ccp_alpha': 0.0, 'model__max_depth': 19, 'model__min_samples_leaf': 30, 'model__min_samples_split': 60, 'model__random_state': 42}",0.9385959455238536
89,89,spam,"{'model__ccp_alpha': 0.0, 'model__max_depth': 30, 'model__min_samples_leaf': 29, 'model__min_samples_split': 60, 'model__random_state': 42}",0.9374567874625012
90,90,spam,"{'model__ccp_alpha': 0.0, 'model__max_depth': 19, 'model__min_samples_leaf': 30, 'model__min_samples_split': 15, 'model__random_state': 42}",0.9385959455238536
91,91,spam,"{'model__ccp_alpha': 0.0, 'model__max_depth': 30, 'model__min_samples_leaf': 33, 'model__min_samples_split': 60, 'model__random_state': 42}",0.9355294736920167
92,92,spam,"{'model__ccp_alpha': 0.0, 'model__max_depth': 19, 'model__min_samples_leaf': 30, 'model__min_samples_split': 57, 'model__random_state': 42}",0.9385959455238536
93,93,spam,"{'model__ccp_alpha': 0.0, 'model__max_depth': 19, 'model__min_samples_leaf': 30, 'model__min_samples_split': 57, 'model__random_state': 42}",0.9385959455238536
94,94,spam,"{'model__ccp_alpha': 0.0, 'model__max_depth': 19, 'model__min_samples_leaf': 30, 'model__min_samples_split': 57, 'model__random_state': 42}",0.9385959455238536
95,95,spam,"{'model__ccp_alpha': 0.0, 'model__max_depth': 19, 'model__min_samples_leaf': 30, 'model__min_samples_split': 5, 'model__random_state': 42}",0.9385959455238536
96,96,spam,"{'model__ccp_alpha': 0.0, 'model__max_depth': 19, 'model__min_samples_leaf': 30, 'model__min_samples_split': 10, 'model__random_state': 42}",0.9385959455238536
97,97,spam,"{'model__ccp_alpha': 0.0, 'model__max_depth': 29, 'model__min_samples_leaf': 28, 'model__min_samples_split': 60, 'model__random_state': 42}",0.937039510181665
98,98,spam,"{'model__ccp_alpha': 0.0, 'model__max_depth': 19, 'model__min_samples_leaf': 30, 'model__min_samples_split': 6, 'model__random_state': 42}",0.9385959455238536
99,99,spam,"{'model__ccp_alpha': 0.0, 'model__max_depth': 19, 'model__min_samples_leaf': 30, 'model__min_samples_split': 54, 'model__random_state': 42}",0.9385959455238536
100,0,mt,"{'model__ccp_alpha': 0.6163510635620079, 'model__max_depth': 28, 'model__min_samples_leaf': 42, 'model__min_samples_split': 50, 'model__random_state': 42}",0.5
101,1,mt,"{'model__ccp_alpha': 0.6884728301193065, 'model__max_depth': 15, 'model__min_samples_leaf': 22, 'model__min_samples_split': 2, 'model__random_state': 42}",0.5
102,2,mt,"{'model__ccp_alpha': 0.04617760546238615, 'model__max_depth': 4, 'model__min_samples_leaf': 17, 'model__min_samples_split': 12, 'model__random_state': 42}",0.7629625710925081
103,3,mt,"{'model__ccp_alpha': 0.06062282016261934, 'model__max_depth': 18, 'model__min_samples_leaf': 22, 'model__min_samples_split': 51, 'model__random_state': 42}",0.7236918115507313
104,4,mt,"{'model__ccp_alpha': 0.37435975768087265, 'model__max_depth': 27, 'model__min_samples_leaf': 48, 'model__min_samples_split': 57, 'model__random_state': 42}",0.5
105,5,mt,"{'model__ccp_alpha': 0.5668441758362069, 'model__max_depth': 10, 'model__min_samples_leaf': 11, 'model__min_samples_split': 13, 'model__random_state': 42}",0.5
106,6,mt,"{'model__ccp_alpha': 0.981428688309013, 'model__max_depth': 29, 'model__min_samples_leaf': 45, 'model__min_samples_split': 8, 'model__random_state': 42}",0.5
107,7,mt,"{'model__ccp_alpha': 0.2671074749247468, 'model__max_depth': 25, 'model__min_samples_leaf': 13, 'model__min_samples_split': 18, 'model__random_state': 42}",0.5
108,8,mt,"{'model__ccp_alpha': 0.0651914288551655, 'model__max_depth': 6, 'model__min_samples_leaf': 12, 'model__min_samples_split': 13, 'model__random_state': 42}",0.7236918115507313
109,9,mt,"{'model__ccp_alpha': 0.3177714053663587, 'model__max_depth': 2, 'model__min_samples_leaf': 52, 'model__min_samples_split': 14, 'model__random_state': 42}",0.5
110,10,mt,"{'model__ccp_alpha': 0.0, 'model__max_depth': 30, 'model__min_samples_leaf': 60, 'model__min_samples_split': 2, 'model__random_state': 42}",0.8913426158353573
111,11,mt,"{'model__ccp_alpha': 0.0, 'model__max_depth': 1, 'model__min_samples_leaf': 1, 'model__min_samples_split': 2, 'model__random_state': 42}",0.7236918115507313
112,12,mt,"{'model__ccp_alpha': 0.0, 'model__max_depth': 2, 'model__min_samples_leaf': 60, 'model__min_samples_split': 44, 'model__random_state': 42}",0.7988443927551281
113,13,mt,"{'model__ccp_alpha': 0.0, 'model__max_depth': 1, 'model__min_samples_leaf': 50, 'model__min_samples_split': 2, 'model__random_state': 42}",0.7236918115507313
114,14,mt,"{'model__ccp_alpha': 0.0, 'model__max_depth': 30, 'model__min_samples_leaf': 60, 'model__min_samples_split': 60, 'model__random_state': 42}",0.8913426158353573
115,15,mt,"{'model__ccp_alpha': 0.053702275676310474, 'model__max_depth': 30, 'model__min_samples_leaf': 60, 'model__min_samples_split': 55, 'model__random_state': 42}",0.7236918115507313
116,16,mt,"{'model__ccp_alpha': 0.0, 'model__max_depth': 28, 'model__min_samples_leaf': 50, 'model__min_samples_split': 30, 'model__random_state': 42}",0.8902318600561184
117,17,mt,"{'model__ccp_alpha': 0.0, 'model__max_depth': 22, 'model__min_samples_leaf': 1, 'model__min_samples_split': 60, 'model__random_state': 42}",0.8816602458060288
118,18,mt,"{'model__ccp_alpha': 0.8374148103935715, 'model__max_depth': 1, 'model__min_samples_leaf': 55, 'model__min_samples_split': 60, 'model__random_state': 42}",0.5
119,19,mt,"{'model__ccp_alpha': 0.012031716830641035, 'model__max_depth': 30, 'model__min_samples_leaf': 1, 'model__min_samples_split': 2, 'model__random_state': 42}",0.8018469906057645
120,20,mt,"{'model__ccp_alpha': 0.0, 'model__max_depth': 24, 'model__min_samples_leaf': 60, 'model__min_samples_split': 60, 'model__random_state': 42}",0.8913426158353573
121,21,mt,"{'model__ccp_alpha': 0.0, 'model__max_depth': 25, 'model__min_samples_leaf': 60, 'model__min_samples_split': 60, 'model__random_state': 42}",0.8913426158353573
122,22,mt,"{'model__ccp_alpha': 0.1606888473390146, 'model__max_depth': 1, 'model__min_samples_leaf': 58, 'model__min_samples_split': 60, 'model__random_state': 42}",0.5
123,23,mt,"{'model__ccp_alpha': 0.0, 'model__max_depth': 16, 'model__min_samples_leaf': 26, 'model__min_samples_split': 60, 'model__random_state': 42}",0.8894338227298896
124,24,mt,"{'model__ccp_alpha': 1.0, 'model__max_depth': 1, 'model__min_samples_leaf': 1, 'model__min_samples_split': 60, 'model__random_state': 42}",0.5
125,25,mt,"{'model__ccp_alpha': 0.0, 'model__max_depth': 30, 'model__min_samples_leaf': 60, 'model__min_samples_split': 29, 'model__random_state': 42}",0.8913426158353573
126,26,mt,"{'model__ccp_alpha': 0.0, 'model__max_depth': 30, 'model__min_samples_leaf': 30, 'model__min_samples_split': 60, 'model__random_state': 42}",0.8888537463538746
127,27,mt,"{'model__ccp_alpha': 0.0, 'model__max_depth': 23, 'model__min_samples_leaf': 34, 'model__min_samples_split': 60, 'model__random_state': 42}",0.8911592804027993
128,28,mt,"{'model__ccp_alpha': 0.0, 'model__max_depth': 24, 'model__min_samples_leaf': 60, 'model__min_samples_split': 10, 'model__random_state': 42}",0.8913426158353573
129,29,mt,"{'model__ccp_alpha': 0.8133667146897418, 'model__max_depth': 30, 'model__min_samples_leaf': 1, 'model__min_samples_split': 2, 'model__random_state': 42}",0.5
130,30,mt,"{'model__ccp_alpha': 0.4633681345743863, 'model__max_depth': 1, 'model__min_samples_leaf': 3, 'model__min_samples_split': 2, 'model__random_state': 42}",0.5
131,31,mt,"{'model__ccp_alpha': 0.0, 'model__max_depth': 21, 'model__min_samples_leaf': 60, 'model__min_samples_split': 38, 'model__random_state': 42}",0.8913426158353573
132,32,mt,"{'model__ccp_alpha': 0.011896633862318805, 'model__max_depth': 14, 'model__min_samples_leaf': 60, 'model__min_samples_split': 60, 'model__random_state': 42}",0.8018469906057645
133,33,mt,"{'model__ccp_alpha': 0.9050171934417492, 'model__max_depth': 30, 'model__min_samples_leaf': 26, 'model__min_samples_split': 60, 'model__random_state': 42}",0.5
134,34,mt,"{'model__ccp_alpha': 0.0, 'model__max_depth': 21, 'model__min_samples_leaf': 15, 'model__min_samples_split': 2, 'model__random_state': 42}",0.8845404755881182
135,35,mt,"{'model__ccp_alpha': 0.0, 'model__max_depth': 24, 'model__min_samples_leaf': 60, 'model__min_samples_split': 60, 'model__random_state': 42}",0.8913426158353573
136,36,mt,"{'model__ccp_alpha': 0.7548187685335153, 'model__max_depth': 1, 'model__min_samples_leaf': 60, 'model__min_samples_split': 60, 'model__random_state': 42}",0.5
137,37,mt,"{'model__ccp_alpha': 0.11145646648280062, 'model__max_depth': 30, 'model__min_samples_leaf': 24, 'model__min_samples_split': 2, 'model__random_state': 42}",0.5
138,38,mt,"{'model__ccp_alpha': 0.5078044206274012, 'model__max_depth': 30, 'model__min_samples_leaf': 60, 'model__min_samples_split': 60, 'model__random_state': 42}",0.5
139,39,mt,"{'model__ccp_alpha': 0.0, 'model__max_depth': 18, 'model__min_samples_leaf': 60, 'model__min_samples_split': 60, 'model__random_state': 42}",0.8913484446501745
140,40,mt,"{'model__ccp_alpha': 0.0, 'model__max_depth': 26, 'model__min_samples_leaf': 60, 'model__min_samples_split': 2, 'model__random_state': 42}",0.8913426158353573
141,41,mt,"{'model__ccp_alpha': 0.20395171403899834, 'model__max_depth': 30, 'model__min_samples_leaf': 40, 'model__min_samples_split': 2, 'model__random_state': 42}",0.5
142,42,mt,"{'model__ccp_alpha': 0.0, 'model__max_depth': 18, 'model__min_samples_leaf': 60, 'model__min_samples_split': 60, 'model__random_state': 42}",0.8913484446501745
143,43,mt,"{'model__ccp_alpha': 0.0, 'model__max_depth': 30, 'model__min_samples_leaf': 21, 'model__min_samples_split': 2, 'model__random_state': 42}",0.8890394896634286
144,44,mt,"{'model__ccp_alpha': 0.0, 'model__max_depth': 20, 'model__min_samples_leaf': 44, 'model__min_samples_split': 60, 'model__random_state': 42}",0.8893416475411524
145,45,mt,"{'model__ccp_alpha': 0.0, 'model__max_depth': 25, 'model__min_samples_leaf': 60, 'model__min_samples_split': 29, 'model__random_state': 42}",0.8913426158353573
146,46,mt,"{'model__ccp_alpha': 0.0, 'model__max_depth': 27, 'model__min_samples_leaf': 60, 'model__min_samples_split': 2, 'model__random_state': 42}",0.8913426158353573
147,47,mt,"{'model__ccp_alpha': 0.0, 'model__max_depth': 30, 'model__min_samples_leaf': 60, 'model__min_samples_split': 45, 'model__random_state': 42}",0.8913426158353573
148,48,mt,"{'model__ccp_alpha': 0.0, 'model__max_depth': 28, 'model__min_samples_leaf': 60, 'model__min_samples_split': 60, 'model__random_state': 42}",0.8913426158353573
149,49,mt,"{'model__ccp_alpha': 0.0, 'model__max_depth': 14, 'model__min_samples_leaf': 60, 'model__min_samples_split': 60, 'model__random_state': 42}",0.8913133989548884
150,50,mt,"{'model__ccp_alpha': 0.0, 'model__max_depth': 30, 'model__min_samples_leaf': 1, 'model__min_samples_split': 60, 'model__random_state': 42}",0.8827299486163607
151,51,mt,"{'model__ccp_alpha': 0.0, 'model__max_depth': 30, 'model__min_samples_leaf': 60, 'model__min_samples_split': 2, 'model__random_state': 42}",0.8913426158353573
152,52,mt,"{'model__ccp_alpha': 0.0, 'model__max_depth': 24, 'model__min_samples_leaf': 60, 'model__min_samples_split': 37, 'model__random_state': 42}",0.8913426158353573
153,53,mt,"{'model__ccp_alpha': 0.0, 'model__max_depth': 16, 'model__min_samples_leaf': 60, 'model__min_samples_split': 60, 'model__random_state': 42}",0.8912460315675348
154,54,mt,"{'model__ccp_alpha': 0.0, 'model__max_depth': 24, 'model__min_samples_leaf': 44, 'model__min_samples_split': 24, 'model__random_state': 42}",0.8893416475411524
155,55,mt,"{'model__ccp_alpha': 0.0, 'model__max_depth': 30, 'model__min_samples_leaf': 60, 'model__min_samples_split': 16, 'model__random_state': 42}",0.8913426158353573
156,56,mt,"{'model__ccp_alpha': 0.0, 'model__max_depth': 20, 'model__min_samples_leaf': 60, 'model__min_samples_split': 2, 'model__random_state': 42}",0.8913426158353573
157,57,mt,"{'model__ccp_alpha': 0.0, 'model__max_depth': 18, 'model__min_samples_leaf': 60, 'model__min_samples_split': 38, 'model__random_state': 42}",0.8913484446501745
158,58,mt,"{'model__ccp_alpha': 0.0, 'model__max_depth': 21, 'model__min_samples_leaf': 60, 'model__min_samples_split': 16, 'model__random_state': 42}",0.8913426158353573
159,59,mt,"{'model__ccp_alpha': 0.0, 'model__max_depth': 19, 'model__min_samples_leaf': 31, 'model__min_samples_split': 2, 'model__random_state': 42}",0.8901992848804697
160,60,mt,"{'model__ccp_alpha': 0.0, 'model__max_depth': 17, 'model__min_samples_leaf': 57, 'model__min_samples_split': 13, 'model__random_state': 42}",0.8895728116299889
161,61,mt,"{'model__ccp_alpha': 0.0, 'model__max_depth': 15, 'model__min_samples_leaf': 1, 'model__min_samples_split': 60, 'model__random_state': 42}",0.8871295324576133
162,62,mt,"{'model__ccp_alpha': 0.0, 'model__max_depth': 19, 'model__min_samples_leaf': 60, 'model__min_samples_split': 23, 'model__random_state': 42}",0.8913426158353573
163,63,mt,"{'model__ccp_alpha': 0.0, 'model__max_depth': 30, 'model__min_samples_leaf': 60, 'model__min_samples_split': 2, 'model__random_state': 42}",0.8913426158353573
164,64,mt,"{'model__ccp_alpha': 0.0, 'model__max_depth': 17, 'model__min_samples_leaf': 13, 'model__min_samples_split': 60, 'model__random_state': 42}",0.8874529916961628
165,65,mt,"{'model__ccp_alpha': 0.066111950691162, 'model__max_depth': 1, 'model__min_samples_leaf': 60, 'model__min_samples_split': 58, 'model__random_state': 42}",0.7236918115507313
166,66,mt,"{'model__ccp_alpha': 0.0, 'model__max_depth': 27, 'model__min_samples_leaf': 24, 'model__min_samples_split': 60, 'model__random_state': 42}",0.8907385766563856
167,67,mt,"{'model__ccp_alpha': 0.0, 'model__max_depth': 26, 'model__min_samples_leaf': 44, 'model__min_samples_split': 60, 'model__random_state': 42}",0.8893416475411524
168,68,mt,"{'model__ccp_alpha': 0.0, 'model__max_depth': 27, 'model__min_samples_leaf': 60, 'model__min_samples_split': 50, 'model__random_state': 42}",0.8913426158353573
169,69,mt,"{'model__ccp_alpha': 0.0, 'model__max_depth': 19, 'model__min_samples_leaf': 42, 'model__min_samples_split': 24, 'model__random_state': 42}",0.8900721858043082
170,70,mt,"{'model__ccp_alpha': 0.0, 'model__max_depth': 26, 'model__min_samples_leaf': 32, 'model__min_samples_split': 2, 'model__random_state': 42}",0.8902622256861109
171,71,mt,"{'model__ccp_alpha': 0.0, 'model__max_depth': 24, 'model__min_samples_leaf': 27, 'model__min_samples_split': 60, 'model__random_state': 42}",0.8903295760964205
172,72,mt,"{'model__ccp_alpha': 0.0, 'model__max_depth': 12, 'model__min_samples_leaf': 26, 'model__min_samples_split': 60, 'model__random_state': 42}",0.8887705966216398
173,73,mt,"{'model__ccp_alpha': 0.0, 'model__max_depth': 21, 'model__min_samples_leaf': 47, 'model__min_samples_split': 2, 'model__random_state': 42}",0.8899956535290476
174,74,mt,"{'model__ccp_alpha': 0.0, 'model__max_depth': 19, 'model__min_samples_leaf': 60, 'model__min_samples_split': 2, 'model__random_state': 42}",0.8913426158353573
175,75,mt,"{'model__ccp_alpha': 0.0, 'model__max_depth': 28, 'model__min_samples_leaf': 24, 'model__min_samples_split': 30, 'model__random_state': 42}",0.8894644490381133
176,76,mt,"{'model__ccp_alpha': 0.0, 'model__max_depth': 14, 'model__min_samples_leaf': 60, 'model__min_samples_split': 60, 'model__random_state': 42}",0.8913133989548884
177,77,mt,"{'model__ccp_alpha': 0.0, 'model__max_depth': 13, 'model__min_samples_leaf': 13, 'model__min_samples_split': 2, 'model__random_state': 42}",0.8820158619920658
178,78,mt,"{'model__ccp_alpha': 0.0, 'model__max_depth': 30, 'model__min_samples_leaf': 43, 'model__min_samples_split': 2, 'model__random_state': 42}",0.8890074364579839
179,79,mt,"{'model__ccp_alpha': 0.0, 'model__max_depth': 16, 'model__min_samples_leaf': 27, 'model__min_samples_split': 21, 'model__random_state': 42}",0.8881060596972123
180,80,mt,"{'model__ccp_alpha': 0.0, 'model__max_depth': 14, 'model__min_samples_leaf': 39, 'model__min_samples_split': 60, 'model__random_state': 42}",0.8911236684108094
181,81,mt,"{'model__ccp_alpha': 0.0, 'model__max_depth': 27, 'model__min_samples_leaf': 60, 'model__min_samples_split': 60, 'model__random_state': 42}",0.8913426158353573
182,82,mt,"{'model__ccp_alpha': 0.0, 'model__max_depth': 28, 'model__min_samples_leaf': 60, 'model__min_samples_split': 2, 'model__random_state': 42}",0.8913426158353573
183,83,mt,"{'model__ccp_alpha': 0.0, 'model__max_depth': 27, 'model__min_samples_leaf': 60, 'model__min_samples_split': 36, 'model__random_state': 42}",0.8913426158353573
184,84,mt,"{'model__ccp_alpha': 0.0, 'model__max_depth': 28, 'model__min_samples_leaf': 60, 'model__min_samples_split': 5, 'model__random_state': 42}",0.8913426158353573
185,85,mt,"{'model__ccp_alpha': 0.0, 'model__max_depth': 15, 'model__min_samples_leaf': 60, 'model__min_samples_split': 43, 'model__random_state': 42}",0.891150943338929
186,86,mt,"{'model__ccp_alpha': 0.0, 'model__max_depth': 23, 'model__min_samples_leaf': 60, 'model__min_samples_split': 2, 'model__random_state': 42}",0.8913426158353573
187,87,mt,"{'model__ccp_alpha': 0.0, 'model__max_depth': 7, 'model__min_samples_leaf': 60, 'model__min_samples_split': 60, 'model__random_state': 42}",0.8806402754031112
188,88,mt,"{'model__ccp_alpha': 0.0, 'model__max_depth': 22, 'model__min_samples_leaf': 60, 'model__min_samples_split': 55, 'model__random_state': 42}",0.8913426158353573
189,89,mt,"{'model__ccp_alpha': 0.0, 'model__max_depth': 11, 'model__min_samples_leaf': 60, 'model__min_samples_split': 60, 'model__random_state': 42}",0.8909738163387495
190,90,mt,"{'model__ccp_alpha': 0.0, 'model__max_depth': 30, 'model__min_samples_leaf': 60, 'model__min_samples_split': 60, 'model__random_state': 42}",0.8913426158353573
191,91,mt,"{'model__ccp_alpha': 0.0, 'model__max_depth': 21, 'model__min_samples_leaf': 60, 'model__min_samples_split': 60, 'model__random_state': 42}",0.8913426158353573
192,92,mt,"{'model__ccp_alpha': 0.0, 'model__max_depth': 29, 'model__min_samples_leaf': 60, 'model__min_samples_split': 35, 'model__random_state': 42}",0.8913426158353573
193,93,mt,"{'model__ccp_alpha': 0.0, 'model__max_depth': 23, 'model__min_samples_leaf': 60, 'model__min_samples_split': 60, 'model__random_state': 42}",0.8913426158353573
194,94,mt,"{'model__ccp_alpha': 0.0, 'model__max_depth': 13, 'model__min_samples_leaf': 51, 'model__min_samples_split': 60, 'model__random_state': 42}",0.8901133267074645
195,95,mt,"{'model__ccp_alpha': 0.0, 'model__max_depth': 16, 'model__min_samples_leaf': 60, 'model__min_samples_split': 60, 'model__random_state': 42}",0.8912460315675348
196,96,mt,"{'model__ccp_alpha': 0.0, 'model__max_depth': 21, 'model__min_samples_leaf': 60, 'model__min_samples_split': 2, 'model__random_state': 42}",0.8913426158353573
197,97,mt,"{'model__ccp_alpha': 0.0, 'model__max_depth': 25, 'model__min_samples_leaf': 60, 'model__min_samples_split': 2, 'model__random_state': 42}",0.8913426158353573
198,98,mt,"{'model__ccp_alpha': 0.0, 'model__max_depth': 20, 'model__min_samples_leaf': 60, 'model__min_samples_split': 34, 'model__random_state': 42}",0.8913426158353573
199,99,mt,"{'model__ccp_alpha': 0.0, 'model__max_depth': 13, 'model__min_samples_leaf': 60, 'model__min_samples_split': 60, 'model__random_state': 42}",0.8910296221278499
200,0,kc1,"{'model__ccp_alpha': 0.5750156330006512, 'model__max_depth': 20, 'model__min_samples_leaf': 22, 'model__min_samples_split': 29, 'model__random_state': 42}",0.5
201,1,kc1,"{'model__ccp_alpha': 0.8674649910202193, 'model__max_depth': 26, 'model__min_samples_leaf': 33, 'model__min_samples_split': 46, 'model__random_state': 42}",0.5
202,2,kc1,"{'model__ccp_alpha': 0.34760678533260764, 'model__max_depth': 4, 'model__min_samples_leaf': 46, 'model__min_samples_split': 59, 'model__random_state': 42}",0.5
203,3,kc1,"{'model__ccp_alpha': 0.9057780071637281, 'model__max_depth': 22, 'model__min_samples_leaf': 57, 'model__min_samples_split': 50, 'model__random_state': 42}",0.5
204,4,kc1,"{'model__ccp_alpha': 0.09025522679830324, 'model__max_depth': 9, 'model__min_samples_leaf': 10, 'model__min_samples_split': 15, 'model__random_state': 42}",0.5
205,5,kc1,"{'model__ccp_alpha': 0.0221585547886537, 'model__max_depth': 21, 'model__min_samples_leaf': 52, 'model__min_samples_split': 5, 'model__random_state': 42}",0.7005361305361305
206,6,kc1,"{'model__ccp_alpha': 0.10247087915802147, 'model__max_depth': 10, 'model__min_samples_leaf': 13, 'model__min_samples_split': 29, 'model__random_state': 42}",0.5
207,7,kc1,"{'model__ccp_alpha': 0.1540991581496907, 'model__max_depth': 2, 'model__min_samples_leaf': 15, 'model__min_samples_split': 8, 'model__random_state': 42}",0.5
208,8,kc1,"{'model__ccp_alpha': 0.5117422969859177, 'model__max_depth': 5, 'model__min_samples_leaf': 32, 'model__min_samples_split': 4, 'model__random_state': 42}",0.5
209,9,kc1,"{'model__ccp_alpha': 0.9016533577444026, 'model__max_depth': 30, 'model__min_samples_leaf': 16, 'model__min_samples_split': 6, 'model__random_state': 42}",0.5
210,10,kc1,"{'model__ccp_alpha': 0.0, 'model__max_depth': 28, 'model__min_samples_leaf': 60, 'model__min_samples_split': 2, 'model__random_state': 42}",0.7932930126553609
211,11,kc1,"{'model__ccp_alpha': 0.0, 'model__max_depth': 30, 'model__min_samples_leaf': 60, 'model__min_samples_split': 2, 'model__random_state': 42}",0.7932930126553609
212,12,kc1,"{'model__ccp_alpha': 0.1170121521161033, 'model__max_depth': 3, 'model__min_samples_leaf': 60, 'model__min_samples_split': 21, 'model__random_state': 42}",0.5
213,13,kc1,"{'model__ccp_alpha': 0.12451586368122718, 'model__max_depth': 30, 'model__min_samples_leaf': 50, 'model__min_samples_split': 50, 'model__random_state': 42}",0.5
214,14,kc1,"{'model__ccp_alpha': 0.0, 'model__max_depth': 1, 'model__min_samples_leaf': 1, 'model__min_samples_split': 60, 'model__random_state': 42}",0.7005361305361305
215,15,kc1,"{'model__ccp_alpha': 0.718064482869608, 'model__max_depth': 4, 'model__min_samples_leaf': 60, 'model__min_samples_split': 53, 'model__random_state': 42}",0.5
216,16,kc1,"{'model__ccp_alpha': 0.0, 'model__max_depth': 1, 'model__min_samples_leaf': 60, 'model__min_samples_split': 60, 'model__random_state': 42}",0.7005361305361305
217,17,kc1,"{'model__ccp_alpha': 1.0, 'model__max_depth': 1, 'model__min_samples_leaf': 41, 'model__min_samples_split': 20, 'model__random_state': 42}",0.5
218,18,kc1,"{'model__ccp_alpha': 0.2629322198716619, 'model__max_depth': 10, 'model__min_samples_leaf': 15, 'model__min_samples_split': 3, 'model__random_state': 42}",0.5
219,19,kc1,"{'model__ccp_alpha': 0.0, 'model__max_depth': 1, 'model__min_samples_leaf': 1, 'model__min_samples_split': 2, 'model__random_state': 42}",0.7005361305361305
220,20,kc1,"{'model__ccp_alpha': 0.42783364584494454, 'model__max_depth': 30, 'model__min_samples_leaf': 3, 'model__min_samples_split': 48, 'model__random_state': 42}",0.5
221,21,kc1,"{'model__ccp_alpha': 0.0, 'model__max_depth': 29, 'model__min_samples_leaf': 1, 'model__min_samples_split': 60, 'model__random_state': 42}",0.7365731434557345
222,22,kc1,"{'model__ccp_alpha': 0.0, 'model__max_depth': 29, 'model__min_samples_leaf': 1, 'model__min_samples_split': 2, 'model__random_state': 42}",0.6197017591045932
223,23,kc1,"{'model__ccp_alpha': 0.0, 'model__max_depth': 30, 'model__min_samples_leaf': 60, 'model__min_samples_split': 34, 'model__random_state': 42}",0.7932930126553609
224,24,kc1,"{'model__ccp_alpha': 0.0, 'model__max_depth': 30, 'model__min_samples_leaf': 60, 'model__min_samples_split': 60, 'model__random_state': 42}",0.7932930126553609
225,25,kc1,"{'model__ccp_alpha': 0.0, 'model__max_depth': 30, 'model__min_samples_leaf': 40, 'model__min_samples_split': 60, 'model__random_state': 42}",0.7914183252644792
226,26,kc1,"{'model__ccp_alpha': 0.0, 'model__max_depth': 24, 'model__min_samples_leaf': 49, 'model__min_samples_split': 60, 'model__random_state': 42}",0.7938116134877269
227,27,kc1,"{'model__ccp_alpha': 0.0, 'model__max_depth': 23, 'model__min_samples_leaf': 60, 'model__min_samples_split': 35, 'model__random_state': 42}",0.7932930126553609
228,28,kc1,"{'model__ccp_alpha': 0.0, 'model__max_depth': 26, 'model__min_samples_leaf': 60, 'model__min_samples_split': 51, 'model__random_state': 42}",0.7932930126553609
229,29,kc1,"{'model__ccp_alpha': 0.0, 'model__max_depth': 29, 'model__min_samples_leaf': 51, 'model__min_samples_split': 60, 'model__random_state': 42}",0.7968672791446071
230,30,kc1,"{'model__ccp_alpha': 0.0, 'model__max_depth': 14, 'model__min_samples_leaf': 60, 'model__min_samples_split': 2, 'model__random_state': 42}",0.7932930126553609
231,31,kc1,"{'model__ccp_alpha': 0.7198062645167365, 'model__max_depth': 30, 'model__min_samples_leaf': 1, 'model__min_samples_split': 2, 'model__random_state': 42}",0.5
232,32,kc1,"{'model__ccp_alpha': 0.0, 'model__max_depth': 1, 'model__min_samples_leaf': 60, 'model__min_samples_split': 2, 'model__random_state': 42}",0.7005361305361305
233,33,kc1,"{'model__ccp_alpha': 0.0, 'model__max_depth': 19, 'model__min_samples_leaf': 60, 'model__min_samples_split': 2, 'model__random_state': 42}",0.7932930126553609
234,34,kc1,"{'model__ccp_alpha': 0.0, 'model__max_depth': 16, 'model__min_samples_leaf': 60, 'model__min_samples_split': 60, 'model__random_state': 42}",0.7932930126553609
235,35,kc1,"{'model__ccp_alpha': 0.0, 'model__max_depth': 15, 'model__min_samples_leaf': 60, 'model__min_samples_split': 29, 'model__random_state': 42}",0.7932930126553609
236,36,kc1,"{'model__ccp_alpha': 0.0, 'model__max_depth': 15, 'model__min_samples_leaf': 44, 'model__min_samples_split': 60, 'model__random_state': 42}",0.7906772882987457
237,37,kc1,"{'model__ccp_alpha': 0.0, 'model__max_depth': 19, 'model__min_samples_leaf': 54, 'model__min_samples_split': 60, 'model__random_state': 42}",0.7952478931325085
238,38,kc1,"{'model__ccp_alpha': 0.0, 'model__max_depth': 30, 'model__min_samples_leaf': 51, 'model__min_samples_split': 60, 'model__random_state': 42}",0.7968672791446071
239,39,kc1,"{'model__ccp_alpha': 0.0, 'model__max_depth': 21, 'model__min_samples_leaf': 60, 'model__min_samples_split': 60, 'model__random_state': 42}",0.7932930126553609
240,40,kc1,"{'model__ccp_alpha': 0.0, 'model__max_depth': 30, 'model__min_samples_leaf': 51, 'model__min_samples_split': 60, 'model__random_state': 42}",0.7968672791446071
241,41,kc1,"{'model__ccp_alpha': 0.8332027768713731, 'model__max_depth': 1, 'model__min_samples_leaf': 1, 'model__min_samples_split': 2, 'model__random_state': 42}",0.5
242,42,kc1,"{'model__ccp_alpha': 0.0, 'model__max_depth': 30, 'model__min_samples_leaf': 51, 'model__min_samples_split': 60, 'model__random_state': 42}",0.7968672791446071
243,43,kc1,"{'model__ccp_alpha': 0.0, 'model__max_depth': 30, 'model__min_samples_leaf': 51, 'model__min_samples_split': 60, 'model__random_state': 42}",0.7968672791446071
244,44,kc1,"{'model__ccp_alpha': 0.0, 'model__max_depth': 30, 'model__min_samples_leaf': 51, 'model__min_samples_split': 60, 'model__random_state': 42}",0.7968672791446071
245,45,kc1,"{'model__ccp_alpha': 0.0, 'model__max_depth': 28, 'model__min_samples_leaf': 51, 'model__min_samples_split': 60, 'model__random_state': 42}",0.7968672791446071
246,46,kc1,"{'model__ccp_alpha': 0.0, 'model__max_depth': 30, 'model__min_samples_leaf': 51, 'model__min_samples_split': 60, 'model__random_state': 42}",0.7968672791446071
247,47,kc1,"{'model__ccp_alpha': 0.0, 'model__max_depth': 18, 'model__min_samples_leaf': 60, 'model__min_samples_split': 40, 'model__random_state': 42}",0.7932930126553609
248,48,kc1,"{'model__ccp_alpha': 0.0, 'model__max_depth': 30, 'model__min_samples_leaf': 50, 'model__min_samples_split': 60, 'model__random_state': 42}",0.7956228825155951
249,49,kc1,"{'model__ccp_alpha': 0.0, 'model__max_depth': 28, 'model__min_samples_leaf': 53, 'model__min_samples_split': 60, 'model__random_state': 42}",0.7951871643875693
250,50,kc1,"{'model__ccp_alpha': 0.0, 'model__max_depth': 30, 'model__min_samples_leaf': 51, 'model__min_samples_split': 60, 'model__random_state': 42}",0.7968672791446071
251,51,kc1,"{'model__ccp_alpha': 0.0, 'model__max_depth': 17, 'model__min_samples_leaf': 53, 'model__min_samples_split': 60, 'model__random_state': 42}",0.7951871643875693
252,52,kc1,"{'model__ccp_alpha': 0.0, 'model__max_depth': 30, 'model__min_samples_leaf': 51, 'model__min_samples_split': 60, 'model__random_state': 42}",0.7968672791446071
253,53,kc1,"{'model__ccp_alpha': 0.0, 'model__max_depth': 30, 'model__min_samples_leaf': 52, 'model__min_samples_split': 60, 'model__random_state': 42}",0.7961520766682709
254,54,kc1,"{'model__ccp_alpha': 0.0, 'model__max_depth': 16, 'model__min_samples_leaf': 60, 'model__min_samples_split': 12, 'model__random_state': 42}",0.7932930126553609
255,55,kc1,"{'model__ccp_alpha': 0.0, 'model__max_depth': 19, 'model__min_samples_leaf': 49, 'model__min_samples_split': 60, 'model__random_state': 42}",0.7938116134877269
256,56,kc1,"{'model__ccp_alpha': 0.0, 'model__max_depth': 30, 'model__min_samples_leaf': 50, 'model__min_samples_split': 60, 'model__random_state': 42}",0.7956228825155951
257,57,kc1,"{'model__ccp_alpha': 0.0, 'model__max_depth': 29, 'model__min_samples_leaf': 50, 'model__min_samples_split': 60, 'model__random_state': 42}",0.7956228825155951
258,58,kc1,"{'model__ccp_alpha': 0.0, 'model__max_depth': 30, 'model__min_samples_leaf': 52, 'model__min_samples_split': 60, 'model__random_state': 42}",0.7961520766682709
259,59,kc1,"{'model__ccp_alpha': 0.0, 'model__max_depth': 16, 'model__min_samples_leaf': 54, 'model__min_samples_split': 60, 'model__random_state': 42}",0.7952478931325085
260,60,kc1,"{'model__ccp_alpha': 0.0, 'model__max_depth': 30, 'model__min_samples_leaf': 52, 'model__min_samples_split': 60, 'model__random_state': 42}",0.7961520766682709
261,61,kc1,"{'model__ccp_alpha': 0.0, 'model__max_depth': 30, 'model__min_samples_leaf': 52, 'model__min_samples_split': 60, 'model__random_state': 42}",0.7961520766682709
262,62,kc1,"{'model__ccp_alpha': 0.0, 'model__max_depth': 30, 'model__min_samples_leaf': 50, 'model__min_samples_split': 60, 'model__random_state': 42}",0.7956228825155951
263,63,kc1,"{'model__ccp_alpha': 0.0, 'model__max_depth': 30, 'model__min_samples_leaf': 52, 'model__min_samples_split': 60, 'model__random_state': 42}",0.7961520766682709
264,64,kc1,"{'model__ccp_alpha': 0.0, 'model__max_depth': 16, 'model__min_samples_leaf': 54, 'model__min_samples_split': 51, 'model__random_state': 42}",0.7952478931325085
265,65,kc1,"{'model__ccp_alpha': 0.0, 'model__max_depth': 14, 'model__min_samples_leaf': 53, 'model__min_samples_split': 2, 'model__random_state': 42}",0.7951871643875693
266,66,kc1,"{'model__ccp_alpha': 0.0, 'model__max_depth': 14, 'model__min_samples_leaf': 52, 'model__min_samples_split': 24, 'model__random_state': 42}",0.7961520766682709
267,67,kc1,"{'model__ccp_alpha': 0.0, 'model__max_depth': 13, 'model__min_samples_leaf': 51, 'model__min_samples_split': 19, 'model__random_state': 42}",0.7968672791446071
268,68,kc1,"{'model__ccp_alpha': 0.0, 'model__max_depth': 12, 'model__min_samples_leaf': 48, 'model__min_samples_split': 14, 'model__random_state': 42}",0.7904894868963694
269,69,kc1,"{'model__ccp_alpha': 0.0, 'model__max_depth': 15, 'model__min_samples_leaf': 53, 'model__min_samples_split': 20, 'model__random_state': 42}",0.7951871643875693
270,70,kc1,"{'model__ccp_alpha': 0.0, 'model__max_depth': 13, 'model__min_samples_leaf': 54, 'model__min_samples_split': 31, 'model__random_state': 42}",0.7952478931325085
271,71,kc1,"{'model__ccp_alpha': 0.0, 'model__max_depth': 14, 'model__min_samples_leaf': 54, 'model__min_samples_split': 17, 'model__random_state': 42}",0.7952478931325085
272,72,kc1,"{'model__ccp_alpha': 0.0, 'model__max_depth': 14, 'model__min_samples_leaf': 52, 'model__min_samples_split': 36, 'model__random_state': 42}",0.7961520766682709
273,73,kc1,"{'model__ccp_alpha': 0.0, 'model__max_depth': 14, 'model__min_samples_leaf': 53, 'model__min_samples_split': 34, 'model__random_state': 42}",0.7951871643875693
274,74,kc1,"{'model__ccp_alpha': 0.0, 'model__max_depth': 30, 'model__min_samples_leaf': 53, 'model__min_samples_split': 60, 'model__random_state': 42}",0.7951871643875693
275,75,kc1,"{'model__ccp_alpha': 0.0, 'model__max_depth': 14, 'model__min_samples_leaf': 54, 'model__min_samples_split': 19, 'model__random_state': 42}",0.7952478931325085
276,76,kc1,"{'model__ccp_alpha': 0.0, 'model__max_depth': 30, 'model__min_samples_leaf': 49, 'model__min_samples_split': 60, 'model__random_state': 42}",0.7938116134877269
277,77,kc1,"{'model__ccp_alpha': 0.0, 'model__max_depth': 30, 'model__min_samples_leaf': 53, 'model__min_samples_split': 60, 'model__random_state': 42}",0.7951871643875693
278,78,kc1,"{'model__ccp_alpha': 0.0, 'model__max_depth': 15, 'model__min_samples_leaf': 52, 'model__min_samples_split': 33, 'model__random_state': 42}",0.7961520766682709
279,79,kc1,"{'model__ccp_alpha': 0.0, 'model__max_depth': 15, 'model__min_samples_leaf': 52, 'model__min_samples_split': 34, 'model__random_state': 42}",0.7961520766682709
280,80,kc1,"{'model__ccp_alpha': 0.0, 'model__max_depth': 28, 'model__min_samples_leaf': 52, 'model__min_samples_split': 60, 'model__random_state': 42}",0.7961520766682709
281,81,kc1,"{'model__ccp_alpha': 0.0, 'model__max_depth': 30, 'model__min_samples_leaf': 21, 'model__min_samples_split': 60, 'model__random_state': 42}",0.7724280409199438
282,82,kc1,"{'model__ccp_alpha': 0.0, 'model__max_depth': 28, 'model__min_samples_leaf': 52, 'model__min_samples_split': 60, 'model__random_state': 42}",0.7961520766682709
283,83,kc1,"{'model__ccp_alpha': 0.0, 'model__max_depth': 15, 'model__min_samples_leaf': 53, 'model__min_samples_split': 35, 'model__random_state': 42}",0.7951871643875693
284,84,kc1,"{'model__ccp_alpha': 0.0, 'model__max_depth': 29, 'model__min_samples_leaf': 52, 'model__min_samples_split': 60, 'model__random_state': 42}",0.7961520766682709
285,85,kc1,"{'model__ccp_alpha': 0.0, 'model__max_depth': 29, 'model__min_samples_leaf': 52, 'model__min_samples_split': 60, 'model__random_state': 42}",0.7961520766682709
286,86,kc1,"{'model__ccp_alpha': 0.5059201880435059, 'model__max_depth': 30, 'model__min_samples_leaf': 60, 'model__min_samples_split': 2, 'model__random_state': 42}",0.5
287,87,kc1,"{'model__ccp_alpha': 0.0, 'model__max_depth': 30, 'model__min_samples_leaf': 53, 'model__min_samples_split': 60, 'model__random_state': 42}",0.7951871643875693
288,88,kc1,"{'model__ccp_alpha': 0.0, 'model__max_depth': 14, 'model__min_samples_leaf': 53, 'model__min_samples_split': 24, 'model__random_state': 42}",0.7951871643875693
289,89,kc1,"{'model__ccp_alpha': 0.0, 'model__max_depth': 1, 'model__min_samples_leaf': 26, 'model__min_samples_split': 60, 'model__random_state': 42}",0.7005361305361305
290,90,kc1,"{'model__ccp_alpha': 1.0, 'model__max_depth': 1, 'model__min_samples_leaf': 1, 'model__min_samples_split': 60, 'model__random_state': 42}",0.5
291,91,kc1,"{'model__ccp_alpha': 0.0, 'model__max_depth': 28, 'model__min_samples_leaf': 51, 'model__min_samples_split': 60, 'model__random_state': 42}",0.7968672791446071
292,92,kc1,"{'model__ccp_alpha': 0.0, 'model__max_depth': 28, 'model__min_samples_leaf': 50, 'model__min_samples_split': 60, 'model__random_state': 42}",0.7956228825155951
293,93,kc1,"{'model__ccp_alpha': 0.0, 'model__max_depth': 15, 'model__min_samples_leaf': 53, 'model__min_samples_split': 41, 'model__random_state': 42}",0.7951871643875693
294,94,kc1,"{'model__ccp_alpha': 0.0, 'model__max_depth': 28, 'model__min_samples_leaf': 52, 'model__min_samples_split': 60, 'model__random_state': 42}",0.7961520766682709
295,95,kc1,"{'model__ccp_alpha': 0.0, 'model__max_depth': 23, 'model__min_samples_leaf': 31, 'model__min_samples_split': 60, 'model__random_state': 42}",0.7729786576446497
296,96,kc1,"{'model__ccp_alpha': 0.0, 'model__max_depth': 14, 'model__min_samples_leaf': 53, 'model__min_samples_split': 23, 'model__random_state': 42}",0.7951871643875693
297,97,kc1,"{'model__ccp_alpha': 0.0, 'model__max_depth': 30, 'model__min_samples_leaf': 51, 'model__min_samples_split': 2, 'model__random_state': 42}",0.7968672791446071
298,98,kc1,"{'model__ccp_alpha': 0.0, 'model__max_depth': 30, 'model__min_samples_leaf': 51, 'model__min_samples_split': 26, 'model__random_state': 42}",0.7968672791446071
299,99,kc1,"{'model__ccp_alpha': 0.5635104352013027, 'model__max_depth': 1, 'model__min_samples_leaf': 1, 'model__min_samples_split': 60, 'model__random_state': 42}",0.5
300,0,phoneme,"{'model__ccp_alpha': 0.15449909000627018, 'model__max_depth': 26, 'model__min_samples_leaf': 2, 'model__min_samples_split': 43, 'model__random_state': 42}",0.5
301,1,phoneme,"{'model__ccp_alpha': 0.7393486169896952, 'model__max_depth': 24, 'model__min_samples_leaf': 48, 'model__min_samples_split': 9, 'model__random_state': 42}",0.5
302,2,phoneme,"{'model__ccp_alpha': 0.18798433248226248, 'model__max_depth': 29, 'model__min_samples_leaf': 28, 'model__min_samples_split': 3, 'model__random_state': 42}",0.5
303,3,phoneme,"{'model__ccp_alpha': 0.7779156465684549, 'model__max_depth': 29, 'model__min_samples_leaf': 53, 'model__min_samples_split': 38, 'model__random_state': 42}",0.5
304,4,phoneme,"{'model__ccp_alpha': 0.8090677247343036, 'model__max_depth': 29, 'model__min_samples_leaf': 41, 'model__min_samples_split': 12, 'model__random_state': 42}",0.5
305,5,phoneme,"{'model__ccp_alpha': 0.314224800746501, 'model__max_depth': 17, 'model__min_samples_leaf': 34, 'model__min_samples_split': 40, 'model__random_state': 42}",0.5
306,6,phoneme,"{'model__ccp_alpha': 0.21768822366315815, 'model__max_depth': 13, 'model__min_samples_leaf': 40, 'model__min_samples_split': 58, 'model__random_state': 42}",0.5
307,7,phoneme,"{'model__ccp_alpha': 0.7738177834195324, 'model__max_depth': 12, 'model__min_samples_leaf': 52, 'model__min_samples_split': 9, 'model__random_state': 42}",0.5
308,8,phoneme,"{'model__ccp_alpha': 0.6184615156931274, 'model__max_depth': 12, 'model__min_samples_leaf': 28, 'model__min_samples_split': 13, 'model__random_state': 42}",0.5
309,9,phoneme,"{'model__ccp_alpha': 0.14686632463567487, 'model__max_depth': 1, 'model__min_samples_leaf': 31, 'model__min_samples_split': 60, 'model__random_state': 42}",0.5
310,10,phoneme,"{'model__ccp_alpha': 1.0, 'model__max_depth': 1, 'model__min_samples_leaf': 1, 'model__min_samples_split': 60, 'model__random_state': 42}",0.5
311,11,phoneme,"{'model__ccp_alpha': 0.8524347850672915, 'model__max_depth': 1, 'model__min_samples_leaf': 2, 'model__min_samples_split': 3, 'model__random_state': 42}",0.5
312,12,phoneme,"{'model__ccp_alpha': 0.0, 'model__max_depth': 1, 'model__min_samples_leaf': 60, 'model__min_samples_split': 2, 'model__random_state': 42}",0.7434552349482704
313,13,phoneme,"{'model__ccp_alpha': 0.16512047364654872, 'model__max_depth': 14, 'model__min_samples_leaf': 60, 'model__min_samples_split': 15, 'model__random_state': 42}",0.5
314,14,phoneme,"{'model__ccp_alpha': 0.0, 'model__max_depth': 30, 'model__min_samples_leaf': 1, 'model__min_samples_split': 60, 'model__random_state': 42}",0.8969508669372444
315,15,phoneme,"{'model__ccp_alpha': 0.0, 'model__max_depth': 1, 'model__min_samples_leaf': 60, 'model__min_samples_split': 60, 'model__random_state': 42}",0.7434552349482704
316,16,phoneme,"{'model__ccp_alpha': 0.0, 'model__max_depth': 1, 'model__min_samples_leaf': 1, 'model__min_samples_split': 2, 'model__random_state': 42}",0.7434552349482704
317,17,phoneme,"{'model__ccp_alpha': 0.0, 'model__max_depth': 30, 'model__min_samples_leaf': 60, 'model__min_samples_split': 2, 'model__random_state': 42}",0.880179041831104
318,18,phoneme,"{'model__ccp_alpha': 0.0, 'model__max_depth': 30, 'model__min_samples_leaf': 1, 'model__min_samples_split': 2, 'model__random_state': 42}",0.8343111347323452
319,19,phoneme,"{'model__ccp_alpha': 0.0, 'model__max_depth': 30, 'model__min_samples_leaf': 60, 'model__min_samples_split': 60, 'model__random_state': 42}",0.880179041831104
320,20,phoneme,"{'model__ccp_alpha': 0.0, 'model__max_depth': 30, 'model__min_samples_leaf': 60, 'model__min_samples_split': 60, 'model__random_state': 42}",0.880179041831104
321,21,phoneme,"{'model__ccp_alpha': 0.0, 'model__max_depth': 30, 'model__min_samples_leaf': 60, 'model__min_samples_split': 60, 'model__random_state': 42}",0.880179041831104
322,22,phoneme,"{'model__ccp_alpha': 0.0, 'model__max_depth': 30, 'model__min_samples_leaf': 25, 'model__min_samples_split': 60, 'model__random_state': 42}",0.8868230968634867
323,23,phoneme,"{'model__ccp_alpha': 0.0, 'model__max_depth': 30, 'model__min_samples_leaf': 1, 'model__min_samples_split': 60, 'model__random_state': 42}",0.8969508669372444
324,24,phoneme,"{'model__ccp_alpha': 0.0, 'model__max_depth': 30, 'model__min_samples_leaf': 1, 'model__min_samples_split': 60, 'model__random_state': 42}",0.8969508669372444
325,25,phoneme,"{'model__ccp_alpha': 0.0, 'model__max_depth': 30, 'model__min_samples_leaf': 1, 'model__min_samples_split': 60, 'model__random_state': 42}",0.8969508669372444
326,26,phoneme,"{'model__ccp_alpha': 0.0, 'model__max_depth': 30, 'model__min_samples_leaf': 1, 'model__min_samples_split': 60, 'model__random_state': 42}",0.8969508669372444
327,27,phoneme,"{'model__ccp_alpha': 0.02371922831879033, 'model__max_depth': 30, 'model__min_samples_leaf': 60, 'model__min_samples_split': 31, 'model__random_state': 42}",0.7434552349482704
328,28,phoneme,"{'model__ccp_alpha': 0.46862574327386697, 'model__max_depth': 30, 'model__min_samples_leaf': 60, 'model__min_samples_split': 60, 'model__random_state': 42}",0.5
329,29,phoneme,"{'model__ccp_alpha': 0.0, 'model__max_depth': 30, 'model__min_samples_leaf': 1, 'model__min_samples_split': 60, 'model__random_state': 42}",0.8969508669372444
330,30,phoneme,"{'model__ccp_alpha': 0.0, 'model__max_depth': 30, 'model__min_samples_leaf': 1, 'model__min_samples_split': 60, 'model__random_state': 42}",0.8969508669372444
331,31,phoneme,"{'model__ccp_alpha': 0.0, 'model__max_depth': 30, 'model__min_samples_leaf': 1, 'model__min_samples_split': 60, 'model__random_state': 42}",0.8969508669372444
332,32,phoneme,"{'model__ccp_alpha': 0.0, 'model__max_depth': 30, 'model__min_samples_leaf': 1, 'model__min_samples_split': 60, 'model__random_state': 42}",0.8969508669372444
333,33,phoneme,"{'model__ccp_alpha': 0.0, 'model__max_depth': 30, 'model__min_samples_leaf': 1, 'model__min_samples_split': 60, 'model__random_state': 42}",0.8969508669372444
334,34,phoneme,"{'model__ccp_alpha': 0.0, 'model__max_depth': 30, 'model__min_samples_leaf': 1, 'model__min_samples_split': 60, 'model__random_state': 42}",0.8969508669372444
335,35,phoneme,"{'model__ccp_alpha': 0.0, 'model__max_depth': 30, 'model__min_samples_leaf': 1, 'model__min_samples_split': 60, 'model__random_state': 42}",0.8969508669372444
336,36,phoneme,"{'model__ccp_alpha': 0.0, 'model__max_depth': 30, 'model__min_samples_leaf': 1, 'model__min_samples_split': 60, 'model__random_state': 42}",0.8969508669372444
337,37,phoneme,"{'model__ccp_alpha': 0.0, 'model__max_depth': 30, 'model__min_samples_leaf': 1, 'model__min_samples_split': 60, 'model__random_state': 42}",0.8969508669372444
338,38,phoneme,"{'model__ccp_alpha': 0.0, 'model__max_depth': 30, 'model__min_samples_leaf': 1, 'model__min_samples_split': 60, 'model__random_state': 42}",0.8969508669372444
339,39,phoneme,"{'model__ccp_alpha': 0.0, 'model__max_depth': 30, 'model__min_samples_leaf': 1, 'model__min_samples_split': 60, 'model__random_state': 42}",0.8969508669372444
340,40,phoneme,"{'model__ccp_alpha': 0.0, 'model__max_depth': 30, 'model__min_samples_leaf': 1, 'model__min_samples_split': 60, 'model__random_state': 42}",0.8969508669372444
341,41,phoneme,"{'model__ccp_alpha': 0.0, 'model__max_depth': 30, 'model__min_samples_leaf': 1, 'model__min_samples_split': 60, 'model__random_state': 42}",0.8969508669372444
342,42,phoneme,"{'model__ccp_alpha': 0.0, 'model__max_depth': 30, 'model__min_samples_leaf': 1, 'model__min_samples_split': 60, 'model__random_state': 42}",0.8969508669372444
343,43,phoneme,"{'model__ccp_alpha': 0.0, 'model__max_depth': 30, 'model__min_samples_leaf': 1, 'model__min_samples_split': 60, 'model__random_state': 42}",0.8969508669372444
344,44,phoneme,"{'model__ccp_alpha': 0.0, 'model__max_depth': 30, 'model__min_samples_leaf': 1, 'model__min_samples_split': 60, 'model__random_state': 42}",0.8969508669372444
345,45,phoneme,"{'model__ccp_alpha': 0.0, 'model__max_depth': 30, 'model__min_samples_leaf': 1, 'model__min_samples_split': 60, 'model__random_state': 42}",0.8969508669372444
346,46,phoneme,"{'model__ccp_alpha': 0.0, 'model__max_depth': 30, 'model__min_samples_leaf': 1, 'model__min_samples_split': 60, 'model__random_state': 42}",0.8969508669372444
347,47,phoneme,"{'model__ccp_alpha': 0.0, 'model__max_depth': 30, 'model__min_samples_leaf': 1, 'model__min_samples_split': 60, 'model__random_state': 42}",0.8969508669372444
348,48,phoneme,"{'model__ccp_alpha': 0.0, 'model__max_depth': 30, 'model__min_samples_leaf': 1, 'model__min_samples_split': 60, 'model__random_state': 42}",0.8969508669372444
349,49,phoneme,"{'model__ccp_alpha': 0.0, 'model__max_depth': 30, 'model__min_samples_leaf': 1, 'model__min_samples_split': 60, 'model__random_state': 42}",0.8969508669372444
350,50,phoneme,"{'model__ccp_alpha': 0.0, 'model__max_depth': 30, 'model__min_samples_leaf': 1, 'model__min_samples_split': 60, 'model__random_state': 42}",0.8969508669372444
351,51,phoneme,"{'model__ccp_alpha': 0.0, 'model__max_depth': 30, 'model__min_samples_leaf': 1, 'model__min_samples_split': 60, 'model__random_state': 42}",0.8969508669372444
352,52,phoneme,"{'model__ccp_alpha': 0.0, 'model__max_depth': 30, 'model__min_samples_leaf': 1, 'model__min_samples_split': 60, 'model__random_state': 42}",0.8969508669372444
353,53,phoneme,"{'model__ccp_alpha': 0.0, 'model__max_depth': 30, 'model__min_samples_leaf': 1, 'model__min_samples_split': 60, 'model__random_state': 42}",0.8969508669372444
354,54,phoneme,"{'model__ccp_alpha': 0.0, 'model__max_depth': 30, 'model__min_samples_leaf': 1, 'model__min_samples_split': 60, 'model__random_state': 42}",0.8969508669372444
355,55,phoneme,"{'model__ccp_alpha': 0.0, 'model__max_depth': 30, 'model__min_samples_leaf': 1, 'model__min_samples_split': 60, 'model__random_state': 42}",0.8969508669372444
356,56,phoneme,"{'model__ccp_alpha': 0.0, 'model__max_depth': 30, 'model__min_samples_leaf': 1, 'model__min_samples_split': 60, 'model__random_state': 42}",0.8969508669372444
357,57,phoneme,"{'model__ccp_alpha': 0.0, 'model__max_depth': 30, 'model__min_samples_leaf': 1, 'model__min_samples_split': 60, 'model__random_state': 42}",0.8969508669372444
358,58,phoneme,"{'model__ccp_alpha': 0.0, 'model__max_depth': 30, 'model__min_samples_leaf': 1, 'model__min_samples_split': 60, 'model__random_state': 42}",0.8969508669372444
359,59,phoneme,"{'model__ccp_alpha': 0.0, 'model__max_depth': 30, 'model__min_samples_leaf': 1, 'model__min_samples_split': 60, 'model__random_state': 42}",0.8969508669372444
360,60,phoneme,"{'model__ccp_alpha': 0.0, 'model__max_depth': 30, 'model__min_samples_leaf': 1, 'model__min_samples_split': 60, 'model__random_state': 42}",0.8969508669372444
361,61,phoneme,"{'model__ccp_alpha': 0.0, 'model__max_depth': 30, 'model__min_samples_leaf': 1, 'model__min_samples_split': 60, 'model__random_state': 42}",0.8969508669372444
362,62,phoneme,"{'model__ccp_alpha': 0.0, 'model__max_depth': 30, 'model__min_samples_leaf': 1, 'model__min_samples_split': 60, 'model__random_state': 42}",0.8969508669372444
363,63,phoneme,"{'model__ccp_alpha': 0.0, 'model__max_depth': 30, 'model__min_samples_leaf': 1, 'model__min_samples_split': 60, 'model__random_state': 42}",0.8969508669372444
364,64,phoneme,"{'model__ccp_alpha': 0.0, 'model__max_depth': 30, 'model__min_samples_leaf': 1, 'model__min_samples_split': 60, 'model__random_state': 42}",0.8969508669372444
365,65,phoneme,"{'model__ccp_alpha': 0.0, 'model__max_depth': 30, 'model__min_samples_leaf': 1, 'model__min_samples_split': 60, 'model__random_state': 42}",0.8969508669372444
366,66,phoneme,"{'model__ccp_alpha': 0.0, 'model__max_depth': 30, 'model__min_samples_leaf': 1, 'model__min_samples_split': 60, 'model__random_state': 42}",0.8969508669372444
367,67,phoneme,"{'model__ccp_alpha': 0.0, 'model__max_depth': 30, 'model__min_samples_leaf': 1, 'model__min_samples_split': 60, 'model__random_state': 42}",0.8969508669372444
368,68,phoneme,"{'model__ccp_alpha': 0.0, 'model__max_depth': 30, 'model__min_samples_leaf': 1, 'model__min_samples_split': 60, 'model__random_state': 42}",0.8969508669372444
369,69,phoneme,"{'model__ccp_alpha': 0.0, 'model__max_depth': 30, 'model__min_samples_leaf': 1, 'model__min_samples_split': 60, 'model__random_state': 42}",0.8969508669372444
370,70,phoneme,"{'model__ccp_alpha': 0.0, 'model__max_depth': 30, 'model__min_samples_leaf': 1, 'model__min_samples_split': 60, 'model__random_state': 42}",0.8969508669372444
371,71,phoneme,"{'model__ccp_alpha': 0.0, 'model__max_depth': 30, 'model__min_samples_leaf': 1, 'model__min_samples_split': 60, 'model__random_state': 42}",0.8969508669372444
372,72,phoneme,"{'model__ccp_alpha': 0.0, 'model__max_depth': 30, 'model__min_samples_leaf': 1, 'model__min_samples_split': 60, 'model__random_state': 42}",0.8969508669372444
373,73,phoneme,"{'model__ccp_alpha': 0.0, 'model__max_depth': 30, 'model__min_samples_leaf': 1, 'model__min_samples_split': 60, 'model__random_state': 42}",0.8969508669372444
374,74,phoneme,"{'model__ccp_alpha': 0.0, 'model__max_depth': 30, 'model__min_samples_leaf': 1, 'model__min_samples_split': 60, 'model__random_state': 42}",0.8969508669372444
375,75,phoneme,"{'model__ccp_alpha': 0.0, 'model__max_depth': 30, 'model__min_samples_leaf': 1, 'model__min_samples_split': 60, 'model__random_state': 42}",0.8969508669372444
376,76,phoneme,"{'model__ccp_alpha': 0.0, 'model__max_depth': 30, 'model__min_samples_leaf': 1, 'model__min_samples_split': 60, 'model__random_state': 42}",0.8969508669372444
377,77,phoneme,"{'model__ccp_alpha': 0.0, 'model__max_depth': 30, 'model__min_samples_leaf': 1, 'model__min_samples_split': 60, 'model__random_state': 42}",0.8969508669372444
378,78,phoneme,"{'model__ccp_alpha': 0.0, 'model__max_depth': 30, 'model__min_samples_leaf': 1, 'model__min_samples_split': 60, 'model__random_state': 42}",0.8969508669372444
379,79,phoneme,"{'model__ccp_alpha': 0.0, 'model__max_depth': 30, 'model__min_samples_leaf': 1, 'model__min_samples_split': 60, 'model__random_state': 42}",0.8969508669372444
380,80,phoneme,"{'model__ccp_alpha': 0.0, 'model__max_depth': 30, 'model__min_samples_leaf': 1, 'model__min_samples_split': 60, 'model__random_state': 42}",0.8969508669372444
381,81,phoneme,"{'model__ccp_alpha': 0.0, 'model__max_depth': 30, 'model__min_samples_leaf': 1, 'model__min_samples_split': 60, 'model__random_state': 42}",0.8969508669372444
382,82,phoneme,"{'model__ccp_alpha': 0.0, 'model__max_depth': 30, 'model__min_samples_leaf': 1, 'model__min_samples_split': 60, 'model__random_state': 42}",0.8969508669372444
383,83,phoneme,"{'model__ccp_alpha': 0.0, 'model__max_depth': 30, 'model__min_samples_leaf': 1, 'model__min_samples_split': 60, 'model__random_state': 42}",0.8969508669372444
384,84,phoneme,"{'model__ccp_alpha': 0.0, 'model__max_depth': 30, 'model__min_samples_leaf': 1, 'model__min_samples_split': 60, 'model__random_state': 42}",0.8969508669372444
385,85,phoneme,"{'model__ccp_alpha': 0.0, 'model__max_depth': 30, 'model__min_samples_leaf': 1, 'model__min_samples_split': 60, 'model__random_state': 42}",0.8969508669372444
386,86,phoneme,"{'model__ccp_alpha': 0.0, 'model__max_depth': 30, 'model__min_samples_leaf': 1, 'model__min_samples_split': 60, 'model__random_state': 42}",0.8969508669372444
387,87,phoneme,"{'model__ccp_alpha': 0.0, 'model__max_depth': 30, 'model__min_samples_leaf': 1, 'model__min_samples_split': 60, 'model__random_state': 42}",0.8969508669372444
388,88,phoneme,"{'model__ccp_alpha': 0.0, 'model__max_depth': 30, 'model__min_samples_leaf': 1, 'model__min_samples_split': 60, 'model__random_state': 42}",0.8969508669372444
389,89,phoneme,"{'model__ccp_alpha': 0.0, 'model__max_depth': 30, 'model__min_samples_leaf': 1, 'model__min_samples_split': 60, 'model__random_state': 42}",0.8969508669372444
390,90,phoneme,"{'model__ccp_alpha': 0.0, 'model__max_depth': 30, 'model__min_samples_leaf': 1, 'model__min_samples_split': 60, 'model__random_state': 42}",0.8969508669372444
391,91,phoneme,"{'model__ccp_alpha': 0.0, 'model__max_depth': 30, 'model__min_samples_leaf': 1, 'model__min_samples_split': 60, 'model__random_state': 42}",0.8969508669372444
392,92,phoneme,"{'model__ccp_alpha': 0.0, 'model__max_depth': 30, 'model__min_samples_leaf': 1, 'model__min_samples_split': 60, 'model__random_state': 42}",0.8969508669372444
393,93,phoneme,"{'model__ccp_alpha': 0.0, 'model__max_depth': 30, 'model__min_samples_leaf': 1, 'model__min_samples_split': 60, 'model__random_state': 42}",0.8969508669372444
394,94,phoneme,"{'model__ccp_alpha': 0.0, 'model__max_depth': 30, 'model__min_samples_leaf': 1, 'model__min_samples_split': 60, 'model__random_state': 42}",0.8969508669372444
395,95,phoneme,"{'model__ccp_alpha': 0.0, 'model__max_depth': 30, 'model__min_samples_leaf': 1, 'model__min_samples_split': 60, 'model__random_state': 42}",0.8969508669372444
396,96,phoneme,"{'model__ccp_alpha': 0.0, 'model__max_depth': 30, 'model__min_samples_leaf': 1, 'model__min_samples_split': 60, 'model__random_state': 42}",0.8969508669372444
397,97,phoneme,"{'model__ccp_alpha': 0.0, 'model__max_depth': 30, 'model__min_samples_leaf': 1, 'model__min_samples_split': 60, 'model__random_state': 42}",0.8969508669372444
398,98,phoneme,"{'model__ccp_alpha': 0.0, 'model__max_depth': 30, 'model__min_samples_leaf': 1, 'model__min_samples_split': 60, 'model__random_state': 42}",0.8969508669372444
399,99,phoneme,"{'model__ccp_alpha': 0.0, 'model__max_depth': 30, 'model__min_samples_leaf': 1, 'model__min_samples_split': 60, 'model__random_state': 42}",0.8969508669372444
