model,score_val,eval_metric,pred_time_val,fit_time,pred_time_val_marginal,fit_time_marginal,stack_level,can_infer,fit_order,num_features,num_models,num_models_w_ancestors,memory_size,memory_size_w_ancestors,memory_size_min,memory_size_min_w_ancestors,num_ancestors,num_descendants,model_type,child_model_type,stopping_metric,hyperparameters,hyperparameters_fit,ag_args_fit,features,compile_time,child_hyperparameters,child_hyperparameters_fit,child_ag_args_fit,ancestors,descendants
WeightedEnsemble_L2,0.834,balanced_accuracy,2.947666645050049,988.9470603466034,0.008025169372558594,5.463450908660889,2,True,29,10,1,46,5792,91557280,5792,22029103,10,0,WeightedEnsembleModel,GreedyWeightedEnsembleModel,balanced_accuracy,"{'use_orig_features': False, 'max_base_models': 25, 'max_base_models_per_type': 5, 'save_bag_folds': True}",{},"{'max_memory_usage_ratio': 1.0, 'max_time_limit_ratio': 1.0, 'max_time_limit': None, 'min_time_limit': 0, 'valid_raw_types': None, 'valid_special_types': None, 'ignored_type_group_special': None, 'ignored_type_group_raw': None, 'get_features_kwargs': None, 'get_features_kwargs_extra': None, 'predict_1_batch_size': None, 'temperature_scalar': None, 'drop_unique': False}","['KNeighborsUnif_BAG_L1', 'CatBoost_BAG_L1', 'ExtraTrees_r42_BAG_L1', 'RandomForestEntr_BAG_L1', 'CatBoost_r13_BAG_L1', 'NeuralNetFastAI_r102_BAG_L1', 'CatBoost_r137_BAG_L1', 'RandomForest_r195_BAG_L1', 'ExtraTreesGini_BAG_L1', 'CatBoost_r177_BAG_L1']",,{'ensemble_size': 100},{'ensemble_size': 66},"{'max_memory_usage_ratio': 1.0, 'max_time_limit_ratio': 1.0, 'max_time_limit': None, 'min_time_limit': 0, 'valid_raw_types': None, 'valid_special_types': None, 'ignored_type_group_special': None, 'ignored_type_group_raw': None, 'get_features_kwargs': None, 'get_features_kwargs_extra': None, 'predict_1_batch_size': None, 'temperature_scalar': None, 'drop_unique': False}","['KNeighborsUnif_BAG_L1', 'CatBoost_BAG_L1', 'ExtraTrees_r42_BAG_L1', 'RandomForestEntr_BAG_L1', 'CatBoost_r13_BAG_L1', 'NeuralNetFastAI_r102_BAG_L1', 'CatBoost_r137_BAG_L1', 'RandomForest_r195_BAG_L1', 'ExtraTreesGini_BAG_L1', 'CatBoost_r177_BAG_L1']",[]
CatBoost_r13_BAG_L1,0.8325,balanced_accuracy,0.09215378761291504,553.2109055519104,0.09215378761291504,553.2109055519104,1,True,25,159,8,8,24864559,24864559,3988020,3988020,0,1,StackerEnsembleModel,CatBoostModel,balanced_accuracy,"{'use_orig_features': True, 'max_base_models': 25, 'max_base_models_per_type': 5, 'save_bag_folds': True}",{},"{'max_memory_usage_ratio': 1.0, 'max_time_limit_ratio': 1.0, 'max_time_limit': None, 'min_time_limit': 0, 'valid_raw_types': None, 'valid_special_types': None, 'ignored_type_group_special': None, 'ignored_type_group_raw': None, 'get_features_kwargs': None, 'get_features_kwargs_extra': None, 'predict_1_batch_size': None, 'temperature_scalar': None, 'drop_unique': False}","['95', '113', '143', '83', '89', '91', '154', '19', '118', '158', '74', '117', '60', '144', '101', '28', '31', '76', '30', '122', '49', '11', '106', '137', '151', '116', '124', '152', '63', '96', '21', '114', '130', '120', '107', '157', '72', '69', '66', '15', '12', '111', '62', '52', '14', '148', '50', '22', '17', '37', '125', '127', '48', '59', '90', '145', '141', '85', '16', '23', '5', '102', '53', '57', '78', '4', '0', '42', '46', '26', '20', '80', '121', '109', '138', '98', '149', '86', '61', '88', '41', '79', '100', '155', '84', '131', '70', '71', '133', '44', '8', '47', '10', '110', '150', '2', '153', '45', '3', '112', '33', '35', '93', '43', '40', '103', '104', '128', '34', '156', '134', '77', '6', '132', '119', '29', '51', '73', '139', '126', '105', '58', '27', '7', '135', '92', '142', '38', '1', '55', '97', '108', '13', '56', '75', '54', '99', '123', '140', '9', '24', '64', '36', '82', '68', '81', '87', '115', '67', '129', '18', '39', '94', '147', '25', '136', '65', '32', '146']",,"{'iterations': 10000, 'learning_rate': 0.017301189655111057, 'random_seed': 0, 'allow_writing_files': False, 'eval_metric': 'BalancedAccuracy', 'depth': 8, 'grow_policy': 'SymmetricTree', 'l2_leaf_reg': 3.3274013177541373, 'max_ctr_complexity': 5, 'one_hot_max_size': 10}",{'iterations': 737},"{'max_memory_usage_ratio': 1.0, 'max_time_limit_ratio': 1.0, 'max_time_limit': None, 'min_time_limit': 0, 'valid_raw_types': ['bool', 'int', 'float', 'category'], 'valid_special_types': None, 'ignored_type_group_special': None, 'ignored_type_group_raw': None, 'get_features_kwargs': None, 'get_features_kwargs_extra': None, 'predict_1_batch_size': None, 'temperature_scalar': None}",[],['WeightedEnsemble_L2']
CatBoost_r177_BAG_L1,0.8274999999999999,balanced_accuracy,0.06724262237548828,136.14682817459106,0.06724262237548828,136.14682817459106,1,True,14,159,8,8,3708591,3708591,852920,852920,0,1,StackerEnsembleModel,CatBoostModel,balanced_accuracy,"{'use_orig_features': True, 'max_base_models': 25, 'max_base_models_per_type': 5, 'save_bag_folds': True}",{},"{'max_memory_usage_ratio': 1.0, 'max_time_limit_ratio': 1.0, 'max_time_limit': None, 'min_time_limit': 0, 'valid_raw_types': None, 'valid_special_types': None, 'ignored_type_group_special': None, 'ignored_type_group_raw': None, 'get_features_kwargs': None, 'get_features_kwargs_extra': None, 'predict_1_batch_size': None, 'temperature_scalar': None, 'drop_unique': False}","['95', '113', '143', '83', '89', '91', '154', '19', '118', '158', '74', '117', '60', '144', '101', '28', '31', '76', '30', '122', '49', '11', '106', '137', '151', '116', '124', '152', '63', '96', '21', '114', '130', '120', '107', '157', '72', '69', '66', '15', '12', '111', '62', '52', '14', '148', '50', '22', '17', '37', '125', '127', '48', '59', '90', '145', '141', '85', '16', '23', '5', '102', '53', '57', '78', '4', '0', '42', '46', '26', '20', '80', '121', '109', '138', '98', '149', '86', '61', '88', '41', '79', '100', '155', '84', '131', '70', '71', '133', '44', '8', '47', '10', '110', '150', '2', '153', '45', '3', '112', '33', '35', '93', '43', '40', '103', '104', '128', '34', '156', '134', '77', '6', '132', '119', '29', '51', '73', '139', '126', '105', '58', '27', '7', '135', '92', '142', '38', '1', '55', '97', '108', '13', '56', '75', '54', '99', '123', '140', '9', '24', '64', '36', '82', '68', '81', '87', '115', '67', '129', '18', '39', '94', '147', '25', '136', '65', '32', '146']",,"{'iterations': 10000, 'learning_rate': 0.06864209415792857, 'random_seed': 0, 'allow_writing_files': False, 'eval_metric': 'BalancedAccuracy', 'depth': 6, 'grow_policy': 'SymmetricTree', 'l2_leaf_reg': 2.1542798306067823, 'max_ctr_complexity': 4, 'one_hot_max_size': 10}",{'iterations': 403},"{'max_memory_usage_ratio': 1.0, 'max_time_limit_ratio': 1.0, 'max_time_limit': None, 'min_time_limit': 0, 'valid_raw_types': ['bool', 'int', 'float', 'category'], 'valid_special_types': None, 'ignored_type_group_special': None, 'ignored_type_group_raw': None, 'get_features_kwargs': None, 'get_features_kwargs_extra': None, 'predict_1_batch_size': None, 'temperature_scalar': None}",[],['WeightedEnsemble_L2']
CatBoost_BAG_L1,0.827,balanced_accuracy,0.08489823341369629,148.76685762405396,0.08489823341369629,148.76685762405396,1,True,7,159,8,8,4454814,4454814,883431,883431,0,1,StackerEnsembleModel,CatBoostModel,balanced_accuracy,"{'use_orig_features': True, 'max_base_models': 25, 'max_base_models_per_type': 5, 'save_bag_folds': True}",{},"{'max_memory_usage_ratio': 1.0, 'max_time_limit_ratio': 1.0, 'max_time_limit': None, 'min_time_limit': 0, 'valid_raw_types': None, 'valid_special_types': None, 'ignored_type_group_special': None, 'ignored_type_group_raw': None, 'get_features_kwargs': None, 'get_features_kwargs_extra': None, 'predict_1_batch_size': None, 'temperature_scalar': None, 'drop_unique': False}","['95', '113', '143', '83', '89', '91', '154', '19', '118', '158', '74', '117', '60', '144', '101', '28', '31', '76', '30', '122', '49', '11', '106', '137', '151', '116', '124', '152', '63', '96', '21', '114', '130', '120', '107', '157', '72', '69', '66', '15', '12', '111', '62', '52', '14', '148', '50', '22', '17', '37', '125', '127', '48', '59', '90', '145', '141', '85', '16', '23', '5', '102', '53', '57', '78', '4', '0', '42', '46', '26', '20', '80', '121', '109', '138', '98', '149', '86', '61', '88', '41', '79', '100', '155', '84', '131', '70', '71', '133', '44', '8', '47', '10', '110', '150', '2', '153', '45', '3', '112', '33', '35', '93', '43', '40', '103', '104', '128', '34', '156', '134', '77', '6', '132', '119', '29', '51', '73', '139', '126', '105', '58', '27', '7', '135', '92', '142', '38', '1', '55', '97', '108', '13', '56', '75', '54', '99', '123', '140', '9', '24', '64', '36', '82', '68', '81', '87', '115', '67', '129', '18', '39', '94', '147', '25', '136', '65', '32', '146']",,"{'iterations': 10000, 'learning_rate': 0.05, 'random_seed': 0, 'allow_writing_files': False, 'eval_metric': 'BalancedAccuracy'}",{'iterations': 489},"{'max_memory_usage_ratio': 1.0, 'max_time_limit_ratio': 1.0, 'max_time_limit': None, 'min_time_limit': 0, 'valid_raw_types': ['bool', 'int', 'float', 'category'], 'valid_special_types': None, 'ignored_type_group_special': None, 'ignored_type_group_raw': None, 'get_features_kwargs': None, 'get_features_kwargs_extra': None, 'predict_1_batch_size': None, 'temperature_scalar': None}",[],['WeightedEnsemble_L2']
XGBoost_BAG_L1,0.816,balanced_accuracy,0.0989224910736084,28.277771949768066,0.0989224910736084,28.277771949768066,1,True,11,159,8,8,6934271,6934271,1139055,1139055,0,0,StackerEnsembleModel,XGBoostModel,balanced_accuracy,"{'use_orig_features': True, 'max_base_models': 25, 'max_base_models_per_type': 5, 'save_bag_folds': True}",{},"{'max_memory_usage_ratio': 1.0, 'max_time_limit_ratio': 1.0, 'max_time_limit': None, 'min_time_limit': 0, 'valid_raw_types': None, 'valid_special_types': None, 'ignored_type_group_special': None, 'ignored_type_group_raw': None, 'get_features_kwargs': None, 'get_features_kwargs_extra': None, 'predict_1_batch_size': None, 'temperature_scalar': None, 'drop_unique': False}","['95', '113', '143', '83', '89', '91', '154', '19', '118', '158', '74', '117', '60', '144', '101', '28', '31', '76', '30', '122', '49', '11', '106', '137', '151', '116', '124', '152', '63', '96', '21', '114', '130', '120', '107', '157', '72', '69', '66', '15', '12', '111', '62', '52', '14', '148', '50', '22', '17', '37', '125', '127', '48', '59', '90', '145', '141', '85', '16', '23', '5', '102', '53', '57', '78', '4', '0', '42', '46', '26', '20', '80', '121', '109', '138', '98', '149', '86', '61', '88', '41', '79', '100', '155', '84', '131', '70', '71', '133', '44', '8', '47', '10', '110', '150', '2', '153', '45', '3', '112', '33', '35', '93', '43', '40', '103', '104', '128', '34', '156', '134', '77', '6', '132', '119', '29', '51', '73', '139', '126', '105', '58', '27', '7', '135', '92', '142', '38', '1', '55', '97', '108', '13', '56', '75', '54', '99', '123', '140', '9', '24', '64', '36', '82', '68', '81', '87', '115', '67', '129', '18', '39', '94', '147', '25', '136', '65', '32', '146']",,"{'n_estimators': 10000, 'learning_rate': 0.1, 'n_jobs': -1, 'proc.max_category_levels': 100, 'objective': 'binary:logistic', 'booster': 'gbtree'}",{'n_estimators': 141},"{'max_memory_usage_ratio': 1.0, 'max_time_limit_ratio': 1.0, 'max_time_limit': None, 'min_time_limit': 0, 'valid_raw_types': ['bool', 'int', 'float', 'category'], 'valid_special_types': None, 'ignored_type_group_special': None, 'ignored_type_group_raw': None, 'get_features_kwargs': None, 'get_features_kwargs_extra': None, 'predict_1_batch_size': None, 'temperature_scalar': None}",[],[]
LightGBM_BAG_L1,0.8135,balanced_accuracy,0.1050722599029541,45.84315204620361,0.1050722599029541,45.84315204620361,1,True,4,159,8,8,7613412,7613412,2244895,2244895,0,0,StackerEnsembleModel,LGBModel,balanced_accuracy,"{'use_orig_features': True, 'max_base_models': 25, 'max_base_models_per_type': 5, 'save_bag_folds': True}",{},"{'max_memory_usage_ratio': 1.0, 'max_time_limit_ratio': 1.0, 'max_time_limit': None, 'min_time_limit': 0, 'valid_raw_types': None, 'valid_special_types': None, 'ignored_type_group_special': None, 'ignored_type_group_raw': None, 'get_features_kwargs': None, 'get_features_kwargs_extra': None, 'predict_1_batch_size': None, 'temperature_scalar': None, 'drop_unique': False}","['95', '113', '143', '83', '89', '91', '154', '19', '118', '158', '74', '117', '60', '144', '101', '28', '31', '76', '30', '122', '49', '11', '106', '137', '151', '116', '124', '152', '63', '96', '21', '114', '130', '120', '107', '157', '72', '69', '66', '15', '12', '111', '62', '52', '14', '148', '50', '22', '17', '37', '125', '127', '48', '59', '90', '145', '141', '85', '16', '23', '5', '102', '53', '57', '78', '4', '0', '42', '46', '26', '20', '80', '121', '109', '138', '98', '149', '86', '61', '88', '41', '79', '100', '155', '84', '131', '70', '71', '133', '44', '8', '47', '10', '110', '150', '2', '153', '45', '3', '112', '33', '35', '93', '43', '40', '103', '104', '128', '34', '156', '134', '77', '6', '132', '119', '29', '51', '73', '139', '126', '105', '58', '27', '7', '135', '92', '142', '38', '1', '55', '97', '108', '13', '56', '75', '54', '99', '123', '140', '9', '24', '64', '36', '82', '68', '81', '87', '115', '67', '129', '18', '39', '94', '147', '25', '136', '65', '32', '146']",,{'learning_rate': 0.05},{'num_boost_round': 271},"{'max_memory_usage_ratio': 1.0, 'max_time_limit_ratio': 1.0, 'max_time_limit': None, 'min_time_limit': 0, 'valid_raw_types': ['bool', 'int', 'float', 'category'], 'valid_special_types': None, 'ignored_type_group_special': None, 'ignored_type_group_raw': None, 'get_features_kwargs': None, 'get_features_kwargs_extra': None, 'predict_1_batch_size': None, 'temperature_scalar': None}",[],[]
CatBoost_r137_BAG_L1,0.8005,balanced_accuracy,0.07890963554382324,61.05761957168579,0.07890963554382324,61.05761957168579,1,True,23,159,8,8,1423471,1423471,317848,317848,0,1,StackerEnsembleModel,CatBoostModel,balanced_accuracy,"{'use_orig_features': True, 'max_base_models': 25, 'max_base_models_per_type': 5, 'save_bag_folds': True}",{},"{'max_memory_usage_ratio': 1.0, 'max_time_limit_ratio': 1.0, 'max_time_limit': None, 'min_time_limit': 0, 'valid_raw_types': None, 'valid_special_types': None, 'ignored_type_group_special': None, 'ignored_type_group_raw': None, 'get_features_kwargs': None, 'get_features_kwargs_extra': None, 'predict_1_batch_size': None, 'temperature_scalar': None, 'drop_unique': False}","['95', '113', '143', '83', '89', '91', '154', '19', '118', '158', '74', '117', '60', '144', '101', '28', '31', '76', '30', '122', '49', '11', '106', '137', '151', '116', '124', '152', '63', '96', '21', '114', '130', '120', '107', '157', '72', '69', '66', '15', '12', '111', '62', '52', '14', '148', '50', '22', '17', '37', '125', '127', '48', '59', '90', '145', '141', '85', '16', '23', '5', '102', '53', '57', '78', '4', '0', '42', '46', '26', '20', '80', '121', '109', '138', '98', '149', '86', '61', '88', '41', '79', '100', '155', '84', '131', '70', '71', '133', '44', '8', '47', '10', '110', '150', '2', '153', '45', '3', '112', '33', '35', '93', '43', '40', '103', '104', '128', '34', '156', '134', '77', '6', '132', '119', '29', '51', '73', '139', '126', '105', '58', '27', '7', '135', '92', '142', '38', '1', '55', '97', '108', '13', '56', '75', '54', '99', '123', '140', '9', '24', '64', '36', '82', '68', '81', '87', '115', '67', '129', '18', '39', '94', '147', '25', '136', '65', '32', '146']",,"{'iterations': 10000, 'learning_rate': 0.04939557741379516, 'random_seed': 0, 'allow_writing_files': False, 'eval_metric': 'BalancedAccuracy', 'depth': 4, 'grow_policy': 'SymmetricTree', 'l2_leaf_reg': 4.559174625782161, 'max_ctr_complexity': 3, 'one_hot_max_size': 3}",{'iterations': 511},"{'max_memory_usage_ratio': 1.0, 'max_time_limit_ratio': 1.0, 'max_time_limit': None, 'min_time_limit': 0, 'valid_raw_types': ['bool', 'int', 'float', 'category'], 'valid_special_types': None, 'ignored_type_group_special': None, 'ignored_type_group_raw': None, 'get_features_kwargs': None, 'get_features_kwargs_extra': None, 'predict_1_batch_size': None, 'temperature_scalar': None}",[],['WeightedEnsemble_L2']
LightGBM_r131_BAG_L1,0.799,balanced_accuracy,0.10870218276977539,56.752946615219116,0.10870218276977539,56.752946615219116,1,True,16,159,8,8,12259669,12259669,4491865,4491865,0,0,StackerEnsembleModel,LGBModel,balanced_accuracy,"{'use_orig_features': True, 'max_base_models': 25, 'max_base_models_per_type': 5, 'save_bag_folds': True}",{},"{'max_memory_usage_ratio': 1.0, 'max_time_limit_ratio': 1.0, 'max_time_limit': None, 'min_time_limit': 0, 'valid_raw_types': None, 'valid_special_types': None, 'ignored_type_group_special': None, 'ignored_type_group_raw': None, 'get_features_kwargs': None, 'get_features_kwargs_extra': None, 'predict_1_batch_size': None, 'temperature_scalar': None, 'drop_unique': False}","['95', '113', '143', '83', '89', '91', '154', '19', '118', '158', '74', '117', '60', '144', '101', '28', '31', '76', '30', '122', '49', '11', '106', '137', '151', '116', '124', '152', '63', '96', '21', '114', '130', '120', '107', '157', '72', '69', '66', '15', '12', '111', '62', '52', '14', '148', '50', '22', '17', '37', '125', '127', '48', '59', '90', '145', '141', '85', '16', '23', '5', '102', '53', '57', '78', '4', '0', '42', '46', '26', '20', '80', '121', '109', '138', '98', '149', '86', '61', '88', '41', '79', '100', '155', '84', '131', '70', '71', '133', '44', '8', '47', '10', '110', '150', '2', '153', '45', '3', '112', '33', '35', '93', '43', '40', '103', '104', '128', '34', '156', '134', '77', '6', '132', '119', '29', '51', '73', '139', '126', '105', '58', '27', '7', '135', '92', '142', '38', '1', '55', '97', '108', '13', '56', '75', '54', '99', '123', '140', '9', '24', '64', '36', '82', '68', '81', '87', '115', '67', '129', '18', '39', '94', '147', '25', '136', '65', '32', '146']",,"{'learning_rate': 0.012144796373999013, 'extra_trees': False, 'feature_fraction': 0.7023601671276614, 'min_data_in_leaf': 14, 'num_leaves': 53}",{'num_boost_round': 262},"{'max_memory_usage_ratio': 1.0, 'max_time_limit_ratio': 1.0, 'max_time_limit': None, 'min_time_limit': 0, 'valid_raw_types': ['bool', 'int', 'float', 'category'], 'valid_special_types': None, 'ignored_type_group_special': None, 'ignored_type_group_raw': None, 'get_features_kwargs': None, 'get_features_kwargs_extra': None, 'predict_1_batch_size': None, 'temperature_scalar': None}",[],[]
LightGBMLarge_BAG_L1,0.7985,balanced_accuracy,0.21863985061645508,100.2020218372345,0.21863985061645508,100.2020218372345,1,True,13,159,8,8,28355497,28355497,5275108,5275108,0,0,StackerEnsembleModel,LGBModel,balanced_accuracy,"{'use_orig_features': True, 'max_base_models': 25, 'max_base_models_per_type': 5, 'save_bag_folds': True}",{},"{'max_memory_usage_ratio': 1.0, 'max_time_limit_ratio': 1.0, 'max_time_limit': None, 'min_time_limit': 0, 'valid_raw_types': None, 'valid_special_types': None, 'ignored_type_group_special': None, 'ignored_type_group_raw': None, 'get_features_kwargs': None, 'get_features_kwargs_extra': None, 'predict_1_batch_size': None, 'temperature_scalar': None, 'drop_unique': False}","['95', '113', '143', '83', '89', '91', '154', '19', '118', '158', '74', '117', '60', '144', '101', '28', '31', '76', '30', '122', '49', '11', '106', '137', '151', '116', '124', '152', '63', '96', '21', '114', '130', '120', '107', '157', '72', '69', '66', '15', '12', '111', '62', '52', '14', '148', '50', '22', '17', '37', '125', '127', '48', '59', '90', '145', '141', '85', '16', '23', '5', '102', '53', '57', '78', '4', '0', '42', '46', '26', '20', '80', '121', '109', '138', '98', '149', '86', '61', '88', '41', '79', '100', '155', '84', '131', '70', '71', '133', '44', '8', '47', '10', '110', '150', '2', '153', '45', '3', '112', '33', '35', '93', '43', '40', '103', '104', '128', '34', '156', '134', '77', '6', '132', '119', '29', '51', '73', '139', '126', '105', '58', '27', '7', '135', '92', '142', '38', '1', '55', '97', '108', '13', '56', '75', '54', '99', '123', '140', '9', '24', '64', '36', '82', '68', '81', '87', '115', '67', '129', '18', '39', '94', '147', '25', '136', '65', '32', '146']",,"{'learning_rate': 0.03, 'num_leaves': 128, 'feature_fraction': 0.9, 'min_data_in_leaf': 5}",{'num_boost_round': 254},"{'max_memory_usage_ratio': 1.0, 'max_time_limit_ratio': 1.0, 'max_time_limit': None, 'min_time_limit': 0, 'valid_raw_types': ['bool', 'int', 'float', 'category'], 'valid_special_types': None, 'ignored_type_group_special': None, 'ignored_type_group_raw': None, 'get_features_kwargs': None, 'get_features_kwargs_extra': None, 'predict_1_batch_size': None, 'temperature_scalar': None}",[],[]
XGBoost_r33_BAG_L1,0.7975,balanced_accuracy,0.18977928161621094,133.71136617660522,0.18977928161621094,133.71136617660522,1,True,21,159,8,8,25121134,25121134,4279929,4279929,0,0,StackerEnsembleModel,XGBoostModel,balanced_accuracy,"{'use_orig_features': True, 'max_base_models': 25, 'max_base_models_per_type': 5, 'save_bag_folds': True}",{},"{'max_memory_usage_ratio': 1.0, 'max_time_limit_ratio': 1.0, 'max_time_limit': None, 'min_time_limit': 0, 'valid_raw_types': None, 'valid_special_types': None, 'ignored_type_group_special': None, 'ignored_type_group_raw': None, 'get_features_kwargs': None, 'get_features_kwargs_extra': None, 'predict_1_batch_size': None, 'temperature_scalar': None, 'drop_unique': False}","['95', '113', '143', '83', '89', '91', '154', '19', '118', '158', '74', '117', '60', '144', '101', '28', '31', '76', '30', '122', '49', '11', '106', '137', '151', '116', '124', '152', '63', '96', '21', '114', '130', '120', '107', '157', '72', '69', '66', '15', '12', '111', '62', '52', '14', '148', '50', '22', '17', '37', '125', '127', '48', '59', '90', '145', '141', '85', '16', '23', '5', '102', '53', '57', '78', '4', '0', '42', '46', '26', '20', '80', '121', '109', '138', '98', '149', '86', '61', '88', '41', '79', '100', '155', '84', '131', '70', '71', '133', '44', '8', '47', '10', '110', '150', '2', '153', '45', '3', '112', '33', '35', '93', '43', '40', '103', '104', '128', '34', '156', '134', '77', '6', '132', '119', '29', '51', '73', '139', '126', '105', '58', '27', '7', '135', '92', '142', '38', '1', '55', '97', '108', '13', '56', '75', '54', '99', '123', '140', '9', '24', '64', '36', '82', '68', '81', '87', '115', '67', '129', '18', '39', '94', '147', '25', '136', '65', '32', '146']",,"{'n_estimators': 10000, 'learning_rate': 0.018063876087523967, 'n_jobs': -1, 'proc.max_category_levels': 100, 'objective': 'binary:logistic', 'booster': 'gbtree', 'colsample_bytree': 0.6917311125174739, 'enable_categorical': False, 'max_depth': 10, 'min_child_weight': 0.6028633586934382}",{'n_estimators': 231},"{'max_memory_usage_ratio': 1.0, 'max_time_limit_ratio': 1.0, 'max_time_limit': None, 'min_time_limit': 0, 'valid_raw_types': ['bool', 'int', 'float', 'category'], 'valid_special_types': None, 'ignored_type_group_special': None, 'ignored_type_group_raw': None, 'get_features_kwargs': None, 'get_features_kwargs_extra': None, 'predict_1_batch_size': None, 'temperature_scalar': None}",[],[]
CatBoost_r9_BAG_L1,0.79,balanced_accuracy,0.10657286643981934,899.1655218601227,0.10657286643981934,899.1655218601227,1,True,18,159,8,8,31023957,31023957,5904380,5904380,0,0,StackerEnsembleModel,CatBoostModel,balanced_accuracy,"{'use_orig_features': True, 'max_base_models': 25, 'max_base_models_per_type': 5, 'save_bag_folds': True}",{},"{'max_memory_usage_ratio': 1.0, 'max_time_limit_ratio': 1.0, 'max_time_limit': None, 'min_time_limit': 0, 'valid_raw_types': None, 'valid_special_types': None, 'ignored_type_group_special': None, 'ignored_type_group_raw': None, 'get_features_kwargs': None, 'get_features_kwargs_extra': None, 'predict_1_batch_size': None, 'temperature_scalar': None, 'drop_unique': False}","['95', '113', '143', '83', '89', '91', '154', '19', '118', '158', '74', '117', '60', '144', '101', '28', '31', '76', '30', '122', '49', '11', '106', '137', '151', '116', '124', '152', '63', '96', '21', '114', '130', '120', '107', '157', '72', '69', '66', '15', '12', '111', '62', '52', '14', '148', '50', '22', '17', '37', '125', '127', '48', '59', '90', '145', '141', '85', '16', '23', '5', '102', '53', '57', '78', '4', '0', '42', '46', '26', '20', '80', '121', '109', '138', '98', '149', '86', '61', '88', '41', '79', '100', '155', '84', '131', '70', '71', '133', '44', '8', '47', '10', '110', '150', '2', '153', '45', '3', '112', '33', '35', '93', '43', '40', '103', '104', '128', '34', '156', '134', '77', '6', '132', '119', '29', '51', '73', '139', '126', '105', '58', '27', '7', '135', '92', '142', '38', '1', '55', '97', '108', '13', '56', '75', '54', '99', '123', '140', '9', '24', '64', '36', '82', '68', '81', '87', '115', '67', '129', '18', '39', '94', '147', '25', '136', '65', '32', '146']",,"{'iterations': 10000, 'learning_rate': 0.031375015734637225, 'random_seed': 0, 'allow_writing_files': False, 'eval_metric': 'BalancedAccuracy', 'depth': 8, 'grow_policy': 'Depthwise', 'l2_leaf_reg': 2.7997999596449104, 'max_ctr_complexity': 2, 'one_hot_max_size': 3}",{'iterations': 493},"{'max_memory_usage_ratio': 1.0, 'max_time_limit_ratio': 1.0, 'max_time_limit': None, 'min_time_limit': 0, 'valid_raw_types': ['bool', 'int', 'float', 'category'], 'valid_special_types': None, 'ignored_type_group_special': None, 'ignored_type_group_raw': None, 'get_features_kwargs': None, 'get_features_kwargs_extra': None, 'predict_1_batch_size': None, 'temperature_scalar': None}",[],[]
RandomForest_r195_BAG_L1,0.788,balanced_accuracy,0.6871068477630615,26.753849506378174,0.6871068477630615,26.753849506378174,1,True,26,159,1,1,7543852,7543852,7543852,7543852,0,1,StackerEnsembleModel,RFModel,balanced_accuracy,"{'use_orig_features': True, 'max_base_models': 25, 'max_base_models_per_type': 5, 'save_bag_folds': True, 'use_child_oof': True}",{},"{'max_memory_usage_ratio': 1.0, 'max_time_limit_ratio': 1.0, 'max_time_limit': None, 'min_time_limit': 0, 'valid_raw_types': None, 'valid_special_types': None, 'ignored_type_group_special': None, 'ignored_type_group_raw': None, 'get_features_kwargs': None, 'get_features_kwargs_extra': None, 'predict_1_batch_size': None, 'temperature_scalar': None, 'drop_unique': False}","['95', '113', '143', '83', '89', '91', '154', '19', '118', '158', '74', '117', '60', '144', '101', '28', '31', '76', '30', '122', '49', '11', '106', '137', '151', '116', '124', '152', '63', '96', '21', '114', '130', '120', '107', '157', '72', '69', '66', '15', '12', '111', '62', '52', '14', '148', '50', '22', '17', '37', '125', '127', '48', '59', '90', '145', '141', '85', '16', '23', '5', '102', '53', '57', '78', '4', '0', '42', '46', '26', '20', '80', '121', '109', '138', '98', '149', '86', '61', '88', '41', '79', '100', '155', '84', '131', '70', '71', '133', '44', '8', '47', '10', '110', '150', '2', '153', '45', '3', '112', '33', '35', '93', '43', '40', '103', '104', '128', '34', '156', '134', '77', '6', '132', '119', '29', '51', '73', '139', '126', '105', '58', '27', '7', '135', '92', '142', '38', '1', '55', '97', '108', '13', '56', '75', '54', '99', '123', '140', '9', '24', '64', '36', '82', '68', '81', '87', '115', '67', '129', '18', '39', '94', '147', '25', '136', '65', '32', '146']",,"{'n_estimators': 300, 'max_leaf_nodes': 37308, 'n_jobs': -1, 'random_state': 0, 'bootstrap': True, 'max_features': 0.75, 'min_samples_leaf': 1}",{'n_estimators': 300},"{'max_memory_usage_ratio': 1.0, 'max_time_limit_ratio': 1.0, 'max_time_limit': None, 'min_time_limit': 0, 'valid_raw_types': ['bool', 'int', 'float', 'category'], 'valid_special_types': None, 'ignored_type_group_special': None, 'ignored_type_group_raw': None, 'get_features_kwargs': None, 'get_features_kwargs_extra': None, 'predict_1_batch_size': None, 'temperature_scalar': None}",[],['WeightedEnsemble_L2']
LightGBMXT_BAG_L1,0.779,balanced_accuracy,0.05195951461791992,19.437889575958252,0.05195951461791992,19.437889575958252,1,True,3,159,8,8,2020566,2020566,1220467,1220467,0,0,StackerEnsembleModel,LGBModel,balanced_accuracy,"{'use_orig_features': True, 'max_base_models': 25, 'max_base_models_per_type': 5, 'save_bag_folds': True}",{},"{'max_memory_usage_ratio': 1.0, 'max_time_limit_ratio': 1.0, 'max_time_limit': None, 'min_time_limit': 0, 'valid_raw_types': None, 'valid_special_types': None, 'ignored_type_group_special': None, 'ignored_type_group_raw': None, 'get_features_kwargs': None, 'get_features_kwargs_extra': None, 'predict_1_batch_size': None, 'temperature_scalar': None, 'drop_unique': False}","['95', '113', '143', '83', '89', '91', '154', '19', '118', '158', '74', '117', '60', '144', '101', '28', '31', '76', '30', '122', '49', '11', '106', '137', '151', '116', '124', '152', '63', '96', '21', '114', '130', '120', '107', '157', '72', '69', '66', '15', '12', '111', '62', '52', '14', '148', '50', '22', '17', '37', '125', '127', '48', '59', '90', '145', '141', '85', '16', '23', '5', '102', '53', '57', '78', '4', '0', '42', '46', '26', '20', '80', '121', '109', '138', '98', '149', '86', '61', '88', '41', '79', '100', '155', '84', '131', '70', '71', '133', '44', '8', '47', '10', '110', '150', '2', '153', '45', '3', '112', '33', '35', '93', '43', '40', '103', '104', '128', '34', '156', '134', '77', '6', '132', '119', '29', '51', '73', '139', '126', '105', '58', '27', '7', '135', '92', '142', '38', '1', '55', '97', '108', '13', '56', '75', '54', '99', '123', '140', '9', '24', '64', '36', '82', '68', '81', '87', '115', '67', '129', '18', '39', '94', '147', '25', '136', '65', '32', '146']",,"{'learning_rate': 0.05, 'extra_trees': True}",{'num_boost_round': 70},"{'max_memory_usage_ratio': 1.0, 'max_time_limit_ratio': 1.0, 'max_time_limit': None, 'min_time_limit': 0, 'valid_raw_types': ['bool', 'int', 'float', 'category'], 'valid_special_types': None, 'ignored_type_group_special': None, 'ignored_type_group_raw': None, 'get_features_kwargs': None, 'get_features_kwargs_extra': None, 'predict_1_batch_size': None, 'temperature_scalar': None}",[],[]
LightGBM_r188_BAG_L1,0.775,balanced_accuracy,0.13247919082641602,62.372506856918335,0.13247919082641602,62.372506856918335,1,True,27,159,8,8,19250959,19250959,5923591,5923591,0,0,StackerEnsembleModel,LGBModel,balanced_accuracy,"{'use_orig_features': True, 'max_base_models': 25, 'max_base_models_per_type': 5, 'save_bag_folds': True}",{},"{'max_memory_usage_ratio': 1.0, 'max_time_limit_ratio': 1.0, 'max_time_limit': None, 'min_time_limit': 0, 'valid_raw_types': None, 'valid_special_types': None, 'ignored_type_group_special': None, 'ignored_type_group_raw': None, 'get_features_kwargs': None, 'get_features_kwargs_extra': None, 'predict_1_batch_size': None, 'temperature_scalar': None, 'drop_unique': False}","['95', '113', '143', '83', '89', '91', '154', '19', '118', '158', '74', '117', '60', '144', '101', '28', '31', '76', '30', '122', '49', '11', '106', '137', '151', '116', '124', '152', '63', '96', '21', '114', '130', '120', '107', '157', '72', '69', '66', '15', '12', '111', '62', '52', '14', '148', '50', '22', '17', '37', '125', '127', '48', '59', '90', '145', '141', '85', '16', '23', '5', '102', '53', '57', '78', '4', '0', '42', '46', '26', '20', '80', '121', '109', '138', '98', '149', '86', '61', '88', '41', '79', '100', '155', '84', '131', '70', '71', '133', '44', '8', '47', '10', '110', '150', '2', '153', '45', '3', '112', '33', '35', '93', '43', '40', '103', '104', '128', '34', '156', '134', '77', '6', '132', '119', '29', '51', '73', '139', '126', '105', '58', '27', '7', '135', '92', '142', '38', '1', '55', '97', '108', '13', '56', '75', '54', '99', '123', '140', '9', '24', '64', '36', '82', '68', '81', '87', '115', '67', '129', '18', '39', '94', '147', '25', '136', '65', '32', '146']",,"{'learning_rate': 0.033929021353492905, 'extra_trees': True, 'feature_fraction': 0.8282601210460099, 'min_data_in_leaf': 6, 'num_leaves': 127}",{'num_boost_round': 174},"{'max_memory_usage_ratio': 1.0, 'max_time_limit_ratio': 1.0, 'max_time_limit': None, 'min_time_limit': 0, 'valid_raw_types': ['bool', 'int', 'float', 'category'], 'valid_special_types': None, 'ignored_type_group_special': None, 'ignored_type_group_raw': None, 'get_features_kwargs': None, 'get_features_kwargs_extra': None, 'predict_1_batch_size': None, 'temperature_scalar': None}",[],[]
ExtraTrees_r42_BAG_L1,0.737,balanced_accuracy,0.3526740074157715,2.2901992797851562,0.3526740074157715,2.2901992797851562,1,True,22,159,1,1,12665733,12665733,12665733,12665733,0,1,StackerEnsembleModel,XTModel,balanced_accuracy,"{'use_orig_features': True, 'max_base_models': 25, 'max_base_models_per_type': 5, 'save_bag_folds': True, 'use_child_oof': True}",{},"{'max_memory_usage_ratio': 1.0, 'max_time_limit_ratio': 1.0, 'max_time_limit': None, 'min_time_limit': 0, 'valid_raw_types': None, 'valid_special_types': None, 'ignored_type_group_special': None, 'ignored_type_group_raw': None, 'get_features_kwargs': None, 'get_features_kwargs_extra': None, 'predict_1_batch_size': None, 'temperature_scalar': None, 'drop_unique': False}","['95', '113', '143', '83', '89', '91', '154', '19', '118', '158', '74', '117', '60', '144', '101', '28', '31', '76', '30', '122', '49', '11', '106', '137', '151', '116', '124', '152', '63', '96', '21', '114', '130', '120', '107', '157', '72', '69', '66', '15', '12', '111', '62', '52', '14', '148', '50', '22', '17', '37', '125', '127', '48', '59', '90', '145', '141', '85', '16', '23', '5', '102', '53', '57', '78', '4', '0', '42', '46', '26', '20', '80', '121', '109', '138', '98', '149', '86', '61', '88', '41', '79', '100', '155', '84', '131', '70', '71', '133', '44', '8', '47', '10', '110', '150', '2', '153', '45', '3', '112', '33', '35', '93', '43', '40', '103', '104', '128', '34', '156', '134', '77', '6', '132', '119', '29', '51', '73', '139', '126', '105', '58', '27', '7', '135', '92', '142', '38', '1', '55', '97', '108', '13', '56', '75', '54', '99', '123', '140', '9', '24', '64', '36', '82', '68', '81', '87', '115', '67', '129', '18', '39', '94', '147', '25', '136', '65', '32', '146']",,"{'n_estimators': 300, 'max_leaf_nodes': 18392, 'n_jobs': -1, 'random_state': 0, 'bootstrap': True, 'max_features': 0.75, 'min_samples_leaf': 1}",{'n_estimators': 300},"{'max_memory_usage_ratio': 1.0, 'max_time_limit_ratio': 1.0, 'max_time_limit': None, 'min_time_limit': 0, 'valid_raw_types': ['bool', 'int', 'float', 'category'], 'valid_special_types': None, 'ignored_type_group_special': None, 'ignored_type_group_raw': None, 'get_features_kwargs': None, 'get_features_kwargs_extra': None, 'predict_1_batch_size': None, 'temperature_scalar': None}",[],['WeightedEnsemble_L2']
KNeighborsDist_BAG_L1,0.7204999999999999,balanced_accuracy,0.03545641899108887,0.043756961822509766,0.03545641899108887,0.043756961822509766,1,True,2,159,1,1,1296273,1296273,1296273,1296273,0,0,StackerEnsembleModel,KNNModel,balanced_accuracy,"{'use_orig_features': True, 'max_base_models': 25, 'max_base_models_per_type': 5, 'save_bag_folds': True, 'use_child_oof': True}",{},"{'max_memory_usage_ratio': 1.0, 'max_time_limit_ratio': 1.0, 'max_time_limit': None, 'min_time_limit': 0, 'valid_raw_types': None, 'valid_special_types': None, 'ignored_type_group_special': None, 'ignored_type_group_raw': None, 'get_features_kwargs': None, 'get_features_kwargs_extra': None, 'predict_1_batch_size': None, 'temperature_scalar': None, 'drop_unique': False}","['95', '113', '143', '83', '89', '91', '154', '19', '118', '158', '74', '117', '60', '144', '101', '28', '31', '76', '30', '122', '49', '11', '106', '137', '151', '116', '124', '152', '63', '96', '21', '114', '130', '120', '107', '157', '72', '69', '66', '15', '12', '111', '62', '52', '14', '148', '50', '22', '17', '37', '125', '127', '48', '59', '90', '145', '141', '85', '16', '23', '5', '102', '53', '57', '78', '4', '0', '42', '46', '26', '20', '80', '121', '109', '138', '98', '149', '86', '61', '88', '41', '79', '100', '155', '84', '131', '70', '71', '133', '44', '8', '47', '10', '110', '150', '2', '153', '45', '3', '112', '33', '35', '93', '43', '40', '103', '104', '128', '34', '156', '134', '77', '6', '132', '119', '29', '51', '73', '139', '126', '105', '58', '27', '7', '135', '92', '142', '38', '1', '55', '97', '108', '13', '56', '75', '54', '99', '123', '140', '9', '24', '64', '36', '82', '68', '81', '87', '115', '67', '129', '18', '39', '94', '147', '25', '136', '65', '32', '146']",,{'weights': 'distance'},{},"{'max_memory_usage_ratio': 1.0, 'max_time_limit_ratio': 1.0, 'max_time_limit': None, 'min_time_limit': 0, 'valid_raw_types': ['int', 'float'], 'valid_special_types': None, 'ignored_type_group_special': ['bool'], 'ignored_type_group_raw': None, 'get_features_kwargs': None, 'get_features_kwargs_extra': None, 'predict_1_batch_size': None, 'temperature_scalar': None}",[],[]
KNeighborsUnif_BAG_L1,0.7204999999999999,balanced_accuracy,0.04104757308959961,0.032355308532714844,0.04104757308959961,0.032355308532714844,1,True,1,159,1,1,1296272,1296272,1296272,1296272,0,1,StackerEnsembleModel,KNNModel,balanced_accuracy,"{'use_orig_features': True, 'max_base_models': 25, 'max_base_models_per_type': 5, 'save_bag_folds': True, 'use_child_oof': True}",{},"{'max_memory_usage_ratio': 1.0, 'max_time_limit_ratio': 1.0, 'max_time_limit': None, 'min_time_limit': 0, 'valid_raw_types': None, 'valid_special_types': None, 'ignored_type_group_special': None, 'ignored_type_group_raw': None, 'get_features_kwargs': None, 'get_features_kwargs_extra': None, 'predict_1_batch_size': None, 'temperature_scalar': None, 'drop_unique': False}","['95', '113', '143', '83', '89', '91', '154', '19', '118', '158', '74', '117', '60', '144', '101', '28', '31', '76', '30', '122', '49', '11', '106', '137', '151', '116', '124', '152', '63', '96', '21', '114', '130', '120', '107', '157', '72', '69', '66', '15', '12', '111', '62', '52', '14', '148', '50', '22', '17', '37', '125', '127', '48', '59', '90', '145', '141', '85', '16', '23', '5', '102', '53', '57', '78', '4', '0', '42', '46', '26', '20', '80', '121', '109', '138', '98', '149', '86', '61', '88', '41', '79', '100', '155', '84', '131', '70', '71', '133', '44', '8', '47', '10', '110', '150', '2', '153', '45', '3', '112', '33', '35', '93', '43', '40', '103', '104', '128', '34', '156', '134', '77', '6', '132', '119', '29', '51', '73', '139', '126', '105', '58', '27', '7', '135', '92', '142', '38', '1', '55', '97', '108', '13', '56', '75', '54', '99', '123', '140', '9', '24', '64', '36', '82', '68', '81', '87', '115', '67', '129', '18', '39', '94', '147', '25', '136', '65', '32', '146']",,{'weights': 'uniform'},{},"{'max_memory_usage_ratio': 1.0, 'max_time_limit_ratio': 1.0, 'max_time_limit': None, 'min_time_limit': 0, 'valid_raw_types': ['int', 'float'], 'valid_special_types': None, 'ignored_type_group_special': ['bool'], 'ignored_type_group_raw': None, 'get_features_kwargs': None, 'get_features_kwargs_extra': None, 'predict_1_batch_size': None, 'temperature_scalar': None}",[],['WeightedEnsemble_L2']
LightGBM_r96_BAG_L1,0.713,balanced_accuracy,0.11139512062072754,18.049206733703613,0.11139512062072754,18.049206733703613,1,True,19,159,8,8,4531107,4531107,1218699,1218699,0,0,StackerEnsembleModel,LGBModel,balanced_accuracy,"{'use_orig_features': True, 'max_base_models': 25, 'max_base_models_per_type': 5, 'save_bag_folds': True}",{},"{'max_memory_usage_ratio': 1.0, 'max_time_limit_ratio': 1.0, 'max_time_limit': None, 'min_time_limit': 0, 'valid_raw_types': None, 'valid_special_types': None, 'ignored_type_group_special': None, 'ignored_type_group_raw': None, 'get_features_kwargs': None, 'get_features_kwargs_extra': None, 'predict_1_batch_size': None, 'temperature_scalar': None, 'drop_unique': False}","['95', '113', '143', '83', '89', '91', '154', '19', '118', '158', '74', '117', '60', '144', '101', '28', '31', '76', '30', '122', '49', '11', '106', '137', '151', '116', '124', '152', '63', '96', '21', '114', '130', '120', '107', '157', '72', '69', '66', '15', '12', '111', '62', '52', '14', '148', '50', '22', '17', '37', '125', '127', '48', '59', '90', '145', '141', '85', '16', '23', '5', '102', '53', '57', '78', '4', '0', '42', '46', '26', '20', '80', '121', '109', '138', '98', '149', '86', '61', '88', '41', '79', '100', '155', '84', '131', '70', '71', '133', '44', '8', '47', '10', '110', '150', '2', '153', '45', '3', '112', '33', '35', '93', '43', '40', '103', '104', '128', '34', '156', '134', '77', '6', '132', '119', '29', '51', '73', '139', '126', '105', '58', '27', '7', '135', '92', '142', '38', '1', '55', '97', '108', '13', '56', '75', '54', '99', '123', '140', '9', '24', '64', '36', '82', '68', '81', '87', '115', '67', '129', '18', '39', '94', '147', '25', '136', '65', '32', '146']",,"{'learning_rate': 0.01518660230385841, 'extra_trees': True, 'feature_fraction': 0.5636931414546802, 'min_data_in_leaf': 48, 'num_leaves': 16}",{'num_boost_round': 298},"{'max_memory_usage_ratio': 1.0, 'max_time_limit_ratio': 1.0, 'max_time_limit': None, 'min_time_limit': 0, 'valid_raw_types': ['bool', 'int', 'float', 'category'], 'valid_special_types': None, 'ignored_type_group_special': None, 'ignored_type_group_raw': None, 'get_features_kwargs': None, 'get_features_kwargs_extra': None, 'predict_1_batch_size': None, 'temperature_scalar': None}",[],[]
RandomForestEntr_BAG_L1,0.6535,balanced_accuracy,0.4846186637878418,4.309132099151611,0.4846186637878418,4.309132099151611,1,True,6,159,1,1,11036251,11036251,11036251,11036251,0,1,StackerEnsembleModel,RFModel,balanced_accuracy,"{'use_orig_features': True, 'max_base_models': 25, 'max_base_models_per_type': 5, 'save_bag_folds': True, 'use_child_oof': True}",{},"{'max_memory_usage_ratio': 1.0, 'max_time_limit_ratio': 1.0, 'max_time_limit': None, 'min_time_limit': 0, 'valid_raw_types': None, 'valid_special_types': None, 'ignored_type_group_special': None, 'ignored_type_group_raw': None, 'get_features_kwargs': None, 'get_features_kwargs_extra': None, 'predict_1_batch_size': None, 'temperature_scalar': None, 'drop_unique': False}","['95', '113', '143', '83', '89', '91', '154', '19', '118', '158', '74', '117', '60', '144', '101', '28', '31', '76', '30', '122', '49', '11', '106', '137', '151', '116', '124', '152', '63', '96', '21', '114', '130', '120', '107', '157', '72', '69', '66', '15', '12', '111', '62', '52', '14', '148', '50', '22', '17', '37', '125', '127', '48', '59', '90', '145', '141', '85', '16', '23', '5', '102', '53', '57', '78', '4', '0', '42', '46', '26', '20', '80', '121', '109', '138', '98', '149', '86', '61', '88', '41', '79', '100', '155', '84', '131', '70', '71', '133', '44', '8', '47', '10', '110', '150', '2', '153', '45', '3', '112', '33', '35', '93', '43', '40', '103', '104', '128', '34', '156', '134', '77', '6', '132', '119', '29', '51', '73', '139', '126', '105', '58', '27', '7', '135', '92', '142', '38', '1', '55', '97', '108', '13', '56', '75', '54', '99', '123', '140', '9', '24', '64', '36', '82', '68', '81', '87', '115', '67', '129', '18', '39', '94', '147', '25', '136', '65', '32', '146']",,"{'n_estimators': 300, 'max_leaf_nodes': 15000, 'n_jobs': -1, 'random_state': 0, 'bootstrap': True, 'criterion': 'entropy'}",{'n_estimators': 300},"{'max_memory_usage_ratio': 1.0, 'max_time_limit_ratio': 1.0, 'max_time_limit': None, 'min_time_limit': 0, 'valid_raw_types': ['bool', 'int', 'float', 'category'], 'valid_special_types': None, 'ignored_type_group_special': None, 'ignored_type_group_raw': None, 'get_features_kwargs': None, 'get_features_kwargs_extra': None, 'predict_1_batch_size': None, 'temperature_scalar': None}",[],['WeightedEnsemble_L2']
RandomForestGini_BAG_L1,0.6445000000000001,balanced_accuracy,0.268949031829834,3.1844282150268555,0.268949031829834,3.1844282150268555,1,True,5,159,1,1,12192883,12192883,12192883,12192883,0,0,StackerEnsembleModel,RFModel,balanced_accuracy,"{'use_orig_features': True, 'max_base_models': 25, 'max_base_models_per_type': 5, 'save_bag_folds': True, 'use_child_oof': True}",{},"{'max_memory_usage_ratio': 1.0, 'max_time_limit_ratio': 1.0, 'max_time_limit': None, 'min_time_limit': 0, 'valid_raw_types': None, 'valid_special_types': None, 'ignored_type_group_special': None, 'ignored_type_group_raw': None, 'get_features_kwargs': None, 'get_features_kwargs_extra': None, 'predict_1_batch_size': None, 'temperature_scalar': None, 'drop_unique': False}","['95', '113', '143', '83', '89', '91', '154', '19', '118', '158', '74', '117', '60', '144', '101', '28', '31', '76', '30', '122', '49', '11', '106', '137', '151', '116', '124', '152', '63', '96', '21', '114', '130', '120', '107', '157', '72', '69', '66', '15', '12', '111', '62', '52', '14', '148', '50', '22', '17', '37', '125', '127', '48', '59', '90', '145', '141', '85', '16', '23', '5', '102', '53', '57', '78', '4', '0', '42', '46', '26', '20', '80', '121', '109', '138', '98', '149', '86', '61', '88', '41', '79', '100', '155', '84', '131', '70', '71', '133', '44', '8', '47', '10', '110', '150', '2', '153', '45', '3', '112', '33', '35', '93', '43', '40', '103', '104', '128', '34', '156', '134', '77', '6', '132', '119', '29', '51', '73', '139', '126', '105', '58', '27', '7', '135', '92', '142', '38', '1', '55', '97', '108', '13', '56', '75', '54', '99', '123', '140', '9', '24', '64', '36', '82', '68', '81', '87', '115', '67', '129', '18', '39', '94', '147', '25', '136', '65', '32', '146']",,"{'n_estimators': 300, 'max_leaf_nodes': 15000, 'n_jobs': -1, 'random_state': 0, 'bootstrap': True, 'criterion': 'gini'}",{'n_estimators': 300},"{'max_memory_usage_ratio': 1.0, 'max_time_limit_ratio': 1.0, 'max_time_limit': None, 'min_time_limit': 0, 'valid_raw_types': ['bool', 'int', 'float', 'category'], 'valid_special_types': None, 'ignored_type_group_special': None, 'ignored_type_group_raw': None, 'get_features_kwargs': None, 'get_features_kwargs_extra': None, 'predict_1_batch_size': None, 'temperature_scalar': None}",[],[]
NeuralNetFastAI_r102_BAG_L1,0.6335,balanced_accuracy,0.6026411056518555,49.56850600242615,0.6026411056518555,49.56850600242615,1,True,24,159,8,8,2528842,2528842,320982,320982,0,1,StackerEnsembleModel,NNFastAiTabularModel,balanced_accuracy,"{'use_orig_features': True, 'max_base_models': 25, 'max_base_models_per_type': 5, 'save_bag_folds': True}",{},"{'max_memory_usage_ratio': 1.0, 'max_time_limit_ratio': 1.0, 'max_time_limit': None, 'min_time_limit': 0, 'valid_raw_types': None, 'valid_special_types': None, 'ignored_type_group_special': None, 'ignored_type_group_raw': None, 'get_features_kwargs': None, 'get_features_kwargs_extra': None, 'predict_1_batch_size': None, 'temperature_scalar': None, 'drop_unique': False}","['95', '113', '143', '83', '89', '91', '154', '19', '118', '158', '74', '117', '60', '144', '101', '28', '31', '76', '30', '122', '49', '11', '106', '137', '151', '116', '124', '152', '63', '96', '21', '114', '130', '120', '107', '157', '72', '69', '66', '15', '12', '111', '62', '52', '14', '148', '50', '22', '17', '37', '125', '127', '48', '59', '90', '145', '141', '85', '16', '23', '5', '102', '53', '57', '78', '4', '0', '42', '46', '26', '20', '80', '121', '109', '138', '98', '149', '86', '61', '88', '41', '79', '100', '155', '84', '131', '70', '71', '133', '44', '8', '47', '10', '110', '150', '2', '153', '45', '3', '112', '33', '35', '93', '43', '40', '103', '104', '128', '34', '156', '134', '77', '6', '132', '119', '29', '51', '73', '139', '126', '105', '58', '27', '7', '135', '92', '142', '38', '1', '55', '97', '108', '13', '56', '75', '54', '99', '123', '140', '9', '24', '64', '36', '82', '68', '81', '87', '115', '67', '129', '18', '39', '94', '147', '25', '136', '65', '32', '146']",,"{'layers': [200, 100], 'emb_drop': 0.05070411322605811, 'ps': 0.10393466140748028, 'bs': 2048, 'lr': 0.08974235041576624, 'epochs': 29, 'early.stopping.min_delta': 0.0001, 'early.stopping.patience': 20, 'smoothing': 0.0}","{'epochs': 29, 'best_epoch': 12}","{'max_memory_usage_ratio': 1.0, 'max_time_limit_ratio': 1.0, 'max_time_limit': None, 'min_time_limit': 0, 'valid_raw_types': ['bool', 'int', 'float', 'category'], 'valid_special_types': None, 'ignored_type_group_special': ['text_ngram', 'text_as_category'], 'ignored_type_group_raw': None, 'get_features_kwargs': None, 'get_features_kwargs_extra': None, 'predict_1_batch_size': None, 'temperature_scalar': None}",[],['WeightedEnsemble_L2']
NeuralNetTorch_r22_BAG_L1,0.618,balanced_accuracy,0.20447683334350586,39.42315983772278,0.20447683334350586,39.42315983772278,1,True,20,159,8,8,5672847,5672847,712843,712843,0,0,StackerEnsembleModel,TabularNeuralNetTorchModel,balanced_accuracy,"{'use_orig_features': True, 'max_base_models': 25, 'max_base_models_per_type': 5, 'save_bag_folds': True}",{},"{'max_memory_usage_ratio': 1.0, 'max_time_limit_ratio': 1.0, 'max_time_limit': None, 'min_time_limit': 0, 'valid_raw_types': None, 'valid_special_types': None, 'ignored_type_group_special': None, 'ignored_type_group_raw': None, 'get_features_kwargs': None, 'get_features_kwargs_extra': None, 'predict_1_batch_size': None, 'temperature_scalar': None, 'drop_unique': False}","['95', '113', '143', '83', '89', '91', '154', '19', '118', '158', '74', '117', '60', '144', '101', '28', '31', '76', '30', '122', '49', '11', '106', '137', '151', '116', '124', '152', '63', '96', '21', '114', '130', '120', '107', '157', '72', '69', '66', '15', '12', '111', '62', '52', '14', '148', '50', '22', '17', '37', '125', '127', '48', '59', '90', '145', '141', '85', '16', '23', '5', '102', '53', '57', '78', '4', '0', '42', '46', '26', '20', '80', '121', '109', '138', '98', '149', '86', '61', '88', '41', '79', '100', '155', '84', '131', '70', '71', '133', '44', '8', '47', '10', '110', '150', '2', '153', '45', '3', '112', '33', '35', '93', '43', '40', '103', '104', '128', '34', '156', '134', '77', '6', '132', '119', '29', '51', '73', '139', '126', '105', '58', '27', '7', '135', '92', '142', '38', '1', '55', '97', '108', '13', '56', '75', '54', '99', '123', '140', '9', '24', '64', '36', '82', '68', '81', '87', '115', '67', '129', '18', '39', '94', '147', '25', '136', '65', '32', '146']",,"{'num_epochs': 500, 'epochs_wo_improve': 20, 'activation': 'elu', 'embedding_size_factor': 1.0, 'embed_exponent': 0.56, 'max_embedding_dim': 100, 'y_range': None, 'y_range_extend': 0.05, 'dropout_prob': 0.11897478034205347, 'optimizer': 'adam', 'learning_rate': 0.0010474382260641949, 'weight_decay': 5.594471067786272e-10, 'proc.embed_min_categories': 4, 'proc.impute_strategy': 'median', 'proc.max_category_levels': 100, 'proc.skew_threshold': 0.99, 'use_ngram_features': False, 'num_layers': 4, 'hidden_size': 213, 'max_batch_size': 512, 'use_batchnorm': False, 'loss_function': 'auto'}","{'batch_size': 64, 'num_epochs': 21}","{'max_memory_usage_ratio': 1.0, 'max_time_limit_ratio': 1.0, 'max_time_limit': None, 'min_time_limit': 0, 'valid_raw_types': ['bool', 'int', 'float', 'category'], 'valid_special_types': None, 'ignored_type_group_special': ['text_ngram', 'text_as_category'], 'ignored_type_group_raw': None, 'get_features_kwargs': None, 'get_features_kwargs_extra': None, 'predict_1_batch_size': None, 'temperature_scalar': None}",[],[]
NeuralNetTorch_r79_BAG_L1,0.607,balanced_accuracy,0.17502570152282715,30.64088225364685,0.17502570152282715,30.64088225364685,1,True,15,159,8,8,1997663,1997663,253445,253445,0,0,StackerEnsembleModel,TabularNeuralNetTorchModel,balanced_accuracy,"{'use_orig_features': True, 'max_base_models': 25, 'max_base_models_per_type': 5, 'save_bag_folds': True}",{},"{'max_memory_usage_ratio': 1.0, 'max_time_limit_ratio': 1.0, 'max_time_limit': None, 'min_time_limit': 0, 'valid_raw_types': None, 'valid_special_types': None, 'ignored_type_group_special': None, 'ignored_type_group_raw': None, 'get_features_kwargs': None, 'get_features_kwargs_extra': None, 'predict_1_batch_size': None, 'temperature_scalar': None, 'drop_unique': False}","['95', '113', '143', '83', '89', '91', '154', '19', '118', '158', '74', '117', '60', '144', '101', '28', '31', '76', '30', '122', '49', '11', '106', '137', '151', '116', '124', '152', '63', '96', '21', '114', '130', '120', '107', '157', '72', '69', '66', '15', '12', '111', '62', '52', '14', '148', '50', '22', '17', '37', '125', '127', '48', '59', '90', '145', '141', '85', '16', '23', '5', '102', '53', '57', '78', '4', '0', '42', '46', '26', '20', '80', '121', '109', '138', '98', '149', '86', '61', '88', '41', '79', '100', '155', '84', '131', '70', '71', '133', '44', '8', '47', '10', '110', '150', '2', '153', '45', '3', '112', '33', '35', '93', '43', '40', '103', '104', '128', '34', '156', '134', '77', '6', '132', '119', '29', '51', '73', '139', '126', '105', '58', '27', '7', '135', '92', '142', '38', '1', '55', '97', '108', '13', '56', '75', '54', '99', '123', '140', '9', '24', '64', '36', '82', '68', '81', '87', '115', '67', '129', '18', '39', '94', '147', '25', '136', '65', '32', '146']",,"{'num_epochs': 500, 'epochs_wo_improve': 20, 'activation': 'elu', 'embedding_size_factor': 1.0, 'embed_exponent': 0.56, 'max_embedding_dim': 100, 'y_range': None, 'y_range_extend': 0.05, 'dropout_prob': 0.10077639529843717, 'optimizer': 'adam', 'learning_rate': 0.002735937344002146, 'weight_decay': 1.356433327634438e-12, 'proc.embed_min_categories': 4, 'proc.impute_strategy': 'median', 'proc.max_category_levels': 100, 'proc.skew_threshold': 0.99, 'use_ngram_features': False, 'num_layers': 4, 'hidden_size': 108, 'max_batch_size': 512, 'use_batchnorm': True, 'loss_function': 'auto'}","{'batch_size': 64, 'num_epochs': 17}","{'max_memory_usage_ratio': 1.0, 'max_time_limit_ratio': 1.0, 'max_time_limit': None, 'min_time_limit': 0, 'valid_raw_types': ['bool', 'int', 'float', 'category'], 'valid_special_types': None, 'ignored_type_group_special': ['text_ngram', 'text_as_category'], 'ignored_type_group_raw': None, 'get_features_kwargs': None, 'get_features_kwargs_extra': None, 'predict_1_batch_size': None, 'temperature_scalar': None}",[],[]
ExtraTreesEntr_BAG_L1,0.5805,balanced_accuracy,0.3455064296722412,1.6175856590270996,0.3455064296722412,1.6175856590270996,1,True,9,159,1,1,21417271,21417271,21417271,21417271,0,0,StackerEnsembleModel,XTModel,balanced_accuracy,"{'use_orig_features': True, 'max_base_models': 25, 'max_base_models_per_type': 5, 'save_bag_folds': True, 'use_child_oof': True}",{},"{'max_memory_usage_ratio': 1.0, 'max_time_limit_ratio': 1.0, 'max_time_limit': None, 'min_time_limit': 0, 'valid_raw_types': None, 'valid_special_types': None, 'ignored_type_group_special': None, 'ignored_type_group_raw': None, 'get_features_kwargs': None, 'get_features_kwargs_extra': None, 'predict_1_batch_size': None, 'temperature_scalar': None, 'drop_unique': False}","['95', '113', '143', '83', '89', '91', '154', '19', '118', '158', '74', '117', '60', '144', '101', '28', '31', '76', '30', '122', '49', '11', '106', '137', '151', '116', '124', '152', '63', '96', '21', '114', '130', '120', '107', '157', '72', '69', '66', '15', '12', '111', '62', '52', '14', '148', '50', '22', '17', '37', '125', '127', '48', '59', '90', '145', '141', '85', '16', '23', '5', '102', '53', '57', '78', '4', '0', '42', '46', '26', '20', '80', '121', '109', '138', '98', '149', '86', '61', '88', '41', '79', '100', '155', '84', '131', '70', '71', '133', '44', '8', '47', '10', '110', '150', '2', '153', '45', '3', '112', '33', '35', '93', '43', '40', '103', '104', '128', '34', '156', '134', '77', '6', '132', '119', '29', '51', '73', '139', '126', '105', '58', '27', '7', '135', '92', '142', '38', '1', '55', '97', '108', '13', '56', '75', '54', '99', '123', '140', '9', '24', '64', '36', '82', '68', '81', '87', '115', '67', '129', '18', '39', '94', '147', '25', '136', '65', '32', '146']",,"{'n_estimators': 300, 'max_leaf_nodes': 15000, 'n_jobs': -1, 'random_state': 0, 'bootstrap': True, 'criterion': 'entropy'}",{'n_estimators': 300},"{'max_memory_usage_ratio': 1.0, 'max_time_limit_ratio': 1.0, 'max_time_limit': None, 'min_time_limit': 0, 'valid_raw_types': ['bool', 'int', 'float', 'category'], 'valid_special_types': None, 'ignored_type_group_special': None, 'ignored_type_group_raw': None, 'get_features_kwargs': None, 'get_features_kwargs_extra': None, 'predict_1_batch_size': None, 'temperature_scalar': None}",[],[]
ExtraTreesGini_BAG_L1,0.575,balanced_accuracy,0.4483489990234375,1.3473563194274902,0.4483489990234375,1.3473563194274902,1,True,8,159,1,1,22029103,22029103,22029103,22029103,0,1,StackerEnsembleModel,XTModel,balanced_accuracy,"{'use_orig_features': True, 'max_base_models': 25, 'max_base_models_per_type': 5, 'save_bag_folds': True, 'use_child_oof': True}",{},"{'max_memory_usage_ratio': 1.0, 'max_time_limit_ratio': 1.0, 'max_time_limit': None, 'min_time_limit': 0, 'valid_raw_types': None, 'valid_special_types': None, 'ignored_type_group_special': None, 'ignored_type_group_raw': None, 'get_features_kwargs': None, 'get_features_kwargs_extra': None, 'predict_1_batch_size': None, 'temperature_scalar': None, 'drop_unique': False}","['95', '113', '143', '83', '89', '91', '154', '19', '118', '158', '74', '117', '60', '144', '101', '28', '31', '76', '30', '122', '49', '11', '106', '137', '151', '116', '124', '152', '63', '96', '21', '114', '130', '120', '107', '157', '72', '69', '66', '15', '12', '111', '62', '52', '14', '148', '50', '22', '17', '37', '125', '127', '48', '59', '90', '145', '141', '85', '16', '23', '5', '102', '53', '57', '78', '4', '0', '42', '46', '26', '20', '80', '121', '109', '138', '98', '149', '86', '61', '88', '41', '79', '100', '155', '84', '131', '70', '71', '133', '44', '8', '47', '10', '110', '150', '2', '153', '45', '3', '112', '33', '35', '93', '43', '40', '103', '104', '128', '34', '156', '134', '77', '6', '132', '119', '29', '51', '73', '139', '126', '105', '58', '27', '7', '135', '92', '142', '38', '1', '55', '97', '108', '13', '56', '75', '54', '99', '123', '140', '9', '24', '64', '36', '82', '68', '81', '87', '115', '67', '129', '18', '39', '94', '147', '25', '136', '65', '32', '146']",,"{'n_estimators': 300, 'max_leaf_nodes': 15000, 'n_jobs': -1, 'random_state': 0, 'bootstrap': True, 'criterion': 'gini'}",{'n_estimators': 300},"{'max_memory_usage_ratio': 1.0, 'max_time_limit_ratio': 1.0, 'max_time_limit': None, 'min_time_limit': 0, 'valid_raw_types': ['bool', 'int', 'float', 'category'], 'valid_special_types': None, 'ignored_type_group_special': None, 'ignored_type_group_raw': None, 'get_features_kwargs': None, 'get_features_kwargs_extra': None, 'predict_1_batch_size': None, 'temperature_scalar': None}",[],['WeightedEnsemble_L2']
NeuralNetTorch_BAG_L1,0.569,balanced_accuracy,0.1212317943572998,19.69815993309021,0.1212317943572998,19.69815993309021,1,True,12,159,8,8,2439927,2439927,308721,308721,0,0,StackerEnsembleModel,TabularNeuralNetTorchModel,balanced_accuracy,"{'use_orig_features': True, 'max_base_models': 25, 'max_base_models_per_type': 5, 'save_bag_folds': True}",{},"{'max_memory_usage_ratio': 1.0, 'max_time_limit_ratio': 1.0, 'max_time_limit': None, 'min_time_limit': 0, 'valid_raw_types': None, 'valid_special_types': None, 'ignored_type_group_special': None, 'ignored_type_group_raw': None, 'get_features_kwargs': None, 'get_features_kwargs_extra': None, 'predict_1_batch_size': None, 'temperature_scalar': None, 'drop_unique': False}","['95', '113', '143', '83', '89', '91', '154', '19', '118', '158', '74', '117', '60', '144', '101', '28', '31', '76', '30', '122', '49', '11', '106', '137', '151', '116', '124', '152', '63', '96', '21', '114', '130', '120', '107', '157', '72', '69', '66', '15', '12', '111', '62', '52', '14', '148', '50', '22', '17', '37', '125', '127', '48', '59', '90', '145', '141', '85', '16', '23', '5', '102', '53', '57', '78', '4', '0', '42', '46', '26', '20', '80', '121', '109', '138', '98', '149', '86', '61', '88', '41', '79', '100', '155', '84', '131', '70', '71', '133', '44', '8', '47', '10', '110', '150', '2', '153', '45', '3', '112', '33', '35', '93', '43', '40', '103', '104', '128', '34', '156', '134', '77', '6', '132', '119', '29', '51', '73', '139', '126', '105', '58', '27', '7', '135', '92', '142', '38', '1', '55', '97', '108', '13', '56', '75', '54', '99', '123', '140', '9', '24', '64', '36', '82', '68', '81', '87', '115', '67', '129', '18', '39', '94', '147', '25', '136', '65', '32', '146']",,"{'num_epochs': 500, 'epochs_wo_improve': 20, 'activation': 'relu', 'embedding_size_factor': 1.0, 'embed_exponent': 0.56, 'max_embedding_dim': 100, 'y_range': None, 'y_range_extend': 0.05, 'dropout_prob': 0.1, 'optimizer': 'adam', 'learning_rate': 0.0003, 'weight_decay': 1e-06, 'proc.embed_min_categories': 4, 'proc.impute_strategy': 'median', 'proc.max_category_levels': 100, 'proc.skew_threshold': 0.99, 'use_ngram_features': False, 'num_layers': 4, 'hidden_size': 128, 'max_batch_size': 512, 'use_batchnorm': False, 'loss_function': 'auto'}","{'batch_size': 64, 'num_epochs': 17}","{'max_memory_usage_ratio': 1.0, 'max_time_limit_ratio': 1.0, 'max_time_limit': None, 'min_time_limit': 0, 'valid_raw_types': ['bool', 'int', 'float', 'category'], 'valid_special_types': None, 'ignored_type_group_special': ['text_ngram', 'text_as_category'], 'ignored_type_group_raw': None, 'get_features_kwargs': None, 'get_features_kwargs_extra': None, 'predict_1_batch_size': None, 'temperature_scalar': None}",[],[]
NeuralNetFastAI_r191_BAG_L1,0.5535,balanced_accuracy,0.3410460948944092,28.50222873687744,0.3410460948944092,28.50222873687744,1,True,17,159,8,8,14934566,14934566,1870652,1870652,0,0,StackerEnsembleModel,NNFastAiTabularModel,balanced_accuracy,"{'use_orig_features': True, 'max_base_models': 25, 'max_base_models_per_type': 5, 'save_bag_folds': True}",{},"{'max_memory_usage_ratio': 1.0, 'max_time_limit_ratio': 1.0, 'max_time_limit': None, 'min_time_limit': 0, 'valid_raw_types': None, 'valid_special_types': None, 'ignored_type_group_special': None, 'ignored_type_group_raw': None, 'get_features_kwargs': None, 'get_features_kwargs_extra': None, 'predict_1_batch_size': None, 'temperature_scalar': None, 'drop_unique': False}","['95', '113', '143', '83', '89', '91', '154', '19', '118', '158', '74', '117', '60', '144', '101', '28', '31', '76', '30', '122', '49', '11', '106', '137', '151', '116', '124', '152', '63', '96', '21', '114', '130', '120', '107', '157', '72', '69', '66', '15', '12', '111', '62', '52', '14', '148', '50', '22', '17', '37', '125', '127', '48', '59', '90', '145', '141', '85', '16', '23', '5', '102', '53', '57', '78', '4', '0', '42', '46', '26', '20', '80', '121', '109', '138', '98', '149', '86', '61', '88', '41', '79', '100', '155', '84', '131', '70', '71', '133', '44', '8', '47', '10', '110', '150', '2', '153', '45', '3', '112', '33', '35', '93', '43', '40', '103', '104', '128', '34', '156', '134', '77', '6', '132', '119', '29', '51', '73', '139', '126', '105', '58', '27', '7', '135', '92', '142', '38', '1', '55', '97', '108', '13', '56', '75', '54', '99', '123', '140', '9', '24', '64', '36', '82', '68', '81', '87', '115', '67', '129', '18', '39', '94', '147', '25', '136', '65', '32', '146']",,"{'layers': [800, 400], 'emb_drop': 0.5411770367537934, 'ps': 0.23782946566604385, 'bs': 256, 'lr': 0.01519848858318159, 'epochs': 43, 'early.stopping.min_delta': 0.0001, 'early.stopping.patience': 20, 'smoothing': 0.0}","{'epochs': 43, 'best_epoch': 1}","{'max_memory_usage_ratio': 1.0, 'max_time_limit_ratio': 1.0, 'max_time_limit': None, 'min_time_limit': 0, 'valid_raw_types': ['bool', 'int', 'float', 'category'], 'valid_special_types': None, 'ignored_type_group_special': ['text_ngram', 'text_as_category'], 'ignored_type_group_raw': None, 'get_features_kwargs': None, 'get_features_kwargs_extra': None, 'predict_1_batch_size': None, 'temperature_scalar': None}",[],[]
NeuralNetFastAI_BAG_L1,0.5515,balanced_accuracy,0.1822514533996582,19.79093837738037,0.1822514533996582,19.79093837738037,1,True,10,159,8,8,2147912,2147912,272286,272286,0,0,StackerEnsembleModel,NNFastAiTabularModel,balanced_accuracy,"{'use_orig_features': True, 'max_base_models': 25, 'max_base_models_per_type': 5, 'save_bag_folds': True}",{},"{'max_memory_usage_ratio': 1.0, 'max_time_limit_ratio': 1.0, 'max_time_limit': None, 'min_time_limit': 0, 'valid_raw_types': None, 'valid_special_types': None, 'ignored_type_group_special': None, 'ignored_type_group_raw': None, 'get_features_kwargs': None, 'get_features_kwargs_extra': None, 'predict_1_batch_size': None, 'temperature_scalar': None, 'drop_unique': False}","['95', '113', '143', '83', '89', '91', '154', '19', '118', '158', '74', '117', '60', '144', '101', '28', '31', '76', '30', '122', '49', '11', '106', '137', '151', '116', '124', '152', '63', '96', '21', '114', '130', '120', '107', '157', '72', '69', '66', '15', '12', '111', '62', '52', '14', '148', '50', '22', '17', '37', '125', '127', '48', '59', '90', '145', '141', '85', '16', '23', '5', '102', '53', '57', '78', '4', '0', '42', '46', '26', '20', '80', '121', '109', '138', '98', '149', '86', '61', '88', '41', '79', '100', '155', '84', '131', '70', '71', '133', '44', '8', '47', '10', '110', '150', '2', '153', '45', '3', '112', '33', '35', '93', '43', '40', '103', '104', '128', '34', '156', '134', '77', '6', '132', '119', '29', '51', '73', '139', '126', '105', '58', '27', '7', '135', '92', '142', '38', '1', '55', '97', '108', '13', '56', '75', '54', '99', '123', '140', '9', '24', '64', '36', '82', '68', '81', '87', '115', '67', '129', '18', '39', '94', '147', '25', '136', '65', '32', '146']",,"{'layers': None, 'emb_drop': 0.1, 'ps': 0.1, 'bs': 'auto', 'lr': 0.01, 'epochs': 'auto', 'early.stopping.min_delta': 0.0001, 'early.stopping.patience': 20, 'smoothing': 0.0}","{'epochs': 30, 'best_epoch': 2}","{'max_memory_usage_ratio': 1.0, 'max_time_limit_ratio': 1.0, 'max_time_limit': None, 'min_time_limit': 0, 'valid_raw_types': ['bool', 'int', 'float', 'category'], 'valid_special_types': None, 'ignored_type_group_special': ['text_ngram', 'text_as_category'], 'ignored_type_group_raw': None, 'get_features_kwargs': None, 'get_features_kwargs_extra': None, 'predict_1_batch_size': None, 'temperature_scalar': None}",[],[]
NeuralNetFastAI_r145_BAG_L1,0.544,balanced_accuracy,0.30528688430786133,25.923320770263672,0.30528688430786133,25.923320770263672,1,True,28,159,8,8,5839978,5839978,733837,733837,0,0,StackerEnsembleModel,NNFastAiTabularModel,balanced_accuracy,"{'use_orig_features': True, 'max_base_models': 25, 'max_base_models_per_type': 5, 'save_bag_folds': True}",{},"{'max_memory_usage_ratio': 1.0, 'max_time_limit_ratio': 1.0, 'max_time_limit': None, 'min_time_limit': 0, 'valid_raw_types': None, 'valid_special_types': None, 'ignored_type_group_special': None, 'ignored_type_group_raw': None, 'get_features_kwargs': None, 'get_features_kwargs_extra': None, 'predict_1_batch_size': None, 'temperature_scalar': None, 'drop_unique': False}","['95', '113', '143', '83', '89', '91', '154', '19', '118', '158', '74', '117', '60', '144', '101', '28', '31', '76', '30', '122', '49', '11', '106', '137', '151', '116', '124', '152', '63', '96', '21', '114', '130', '120', '107', '157', '72', '69', '66', '15', '12', '111', '62', '52', '14', '148', '50', '22', '17', '37', '125', '127', '48', '59', '90', '145', '141', '85', '16', '23', '5', '102', '53', '57', '78', '4', '0', '42', '46', '26', '20', '80', '121', '109', '138', '98', '149', '86', '61', '88', '41', '79', '100', '155', '84', '131', '70', '71', '133', '44', '8', '47', '10', '110', '150', '2', '153', '45', '3', '112', '33', '35', '93', '43', '40', '103', '104', '128', '34', '156', '134', '77', '6', '132', '119', '29', '51', '73', '139', '126', '105', '58', '27', '7', '135', '92', '142', '38', '1', '55', '97', '108', '13', '56', '75', '54', '99', '123', '140', '9', '24', '64', '36', '82', '68', '81', '87', '115', '67', '129', '18', '39', '94', '147', '25', '136', '65', '32', '146']",,"{'layers': [400, 200, 100], 'emb_drop': 0.44339037504795686, 'ps': 0.19220253419114286, 'bs': 128, 'lr': 0.008615195908919904, 'epochs': 31, 'early.stopping.min_delta': 0.0001, 'early.stopping.patience': 20, 'smoothing': 0.0}","{'epochs': 31, 'best_epoch': 1}","{'max_memory_usage_ratio': 1.0, 'max_time_limit_ratio': 1.0, 'max_time_limit': None, 'min_time_limit': 0, 'valid_raw_types': ['bool', 'int', 'float', 'category'], 'valid_special_types': None, 'ignored_type_group_special': ['text_ngram', 'text_as_category'], 'ignored_type_group_raw': None, 'get_features_kwargs': None, 'get_features_kwargs_extra': None, 'predict_1_batch_size': None, 'temperature_scalar': None}",[],[]
